Workbook
Name NGAY_BAT_DAU: '00_Tổng quan'!$D$4

Sheet 00_Tổng quan
A1: LEVART · KẾ HOẠCH TRIỂN KHAI 12 THÁNG — 52 TUẦN · 5 GIAI ĐOẠN · 7 CHU KỲ
A2: ="Nguồn: week_index.md · Business.md · ROLE.md │ Phiên bản 1.0 · lập 22/09/2026 │ Tuần 1 bắt đầu "&TEXT(NGAY_BAT_DAU+0,"dd/mm/yyyy")&" · Tuần 52 kết thúc "&TEXT(NGAY_BAT_DAU+363,"dd/mm/yyyy")&" │ Mục tiêu năm 1: học tập – nghiên cứu – mở rộng từ ý tưởng cốt lõi" -> Nguồn: week_index.md · Business.md · ROLE.md │ Phiên bản 1.0 · lập 22/09/2026 │ Tuần 1 bắt đầu 14/09/2026 · Tuần 52 kết thúc 12/09/2027 │ Mục tiêu năm 1: học tập – nghiên cứu – mở rộng từ ý tưởng cốt lõi
A4: ⚙ Ô VÀNG bên phải là NGÀY BẮT ĐẦU TUẦN 1 (thứ Hai). Sửa một ô này → toàn bộ ngày ở mọi trang tính tự dịch theo. | D4: 46279 | E4: TỔNG ĐẦU MỤC | G4: ĐÃ XONG | I4: ĐANG LÀM | J4: CHƯA BẮT ĐẦU | K4: % HOÀN THÀNH
E5: =COUNT('C1_T01-08'!$A:$A)+COUNT('C2_T09-16'!$A:$A)+COUNT('C3_T17-24'!$A:$A)+COUNT('C4_T25-32'!$A:$A)+COUNT('C5_T33-40'!$A:$A)+COUNT('C6_T41-48'!$A:$A)+COUNT('C7_T49-52'!$A:$A) -> 211 | G5: =COUNTIF('C1_T01-08'!$I:$I,"Xong")+COUNTIF('C2_T09-16'!$I:$I,"Xong")+COUNTIF('C3_T17-24'!$I:$I,"Xong")+COUNTIF('C4_T25-32'!$I:$I,"Xong")+COUNTIF('C5_T33-40'!$I:$I,"Xong")+COUNTIF('C6_T41-48'!$I:$I,"Xong")+COUNTIF('C7_T49-52'!$I:$I,"Xong") -> 0 | I5: =COUNTIF('C1_T01-08'!$I:$I,"Đang làm")+COUNTIF('C2_T09-16'!$I:$I,"Đang làm")+COUNTIF('C3_T17-24'!$I:$I,"Đang làm")+COUNTIF('C4_T25-32'!$I:$I,"Đang làm")+COUNTIF('C5_T33-40'!$I:$I,"Đang làm")+COUNTIF('C6_T41-48'!$I:$I,"Đang làm")+COUNTIF('C7_T49-52'!$I:$I,"Đang làm") -> 0 | J5: =COUNTIF('C1_T01-08'!$I:$I,"Chưa bắt đầu")+COUNTIF('C2_T09-16'!$I:$I,"Chưa bắt đầu")+COUNTIF('C3_T17-24'!$I:$I,"Chưa bắt đầu")+COUNTIF('C4_T25-32'!$I:$I,"Chưa bắt đầu")+COUNTIF('C5_T33-40'!$I:$I,"Chưa bắt đầu")+COUNTIF('C6_T41-48'!$I:$I,"Chưa bắt đầu")+COUNTIF('C7_T49-52'!$I:$I,"Chưa bắt đầu") -> 211 | K5: =IFERROR(($G$5+0)/$E$5,0) -> 0
A7: STT | B7: Giai đoạn / Phase | C7: Đầu mục / Task | D7: Phân việc chi tiết / Subtask | E7: Mục đích / Purpose | F7: Ghế / PIC | G7: Ngày bắt đầu Start Date | H7: Ngày kết thúc End Date | I7: Trạng thái / Status | J7: Tiêu chí hoàn thành / Output | K7: Ghi chú / Note
A8: 1 | B8: QUÝ 1 — GIAI ĐOẠN 1: THẤU CẢM | C8: 1.1 Khởi động dự án (M1) — chốt cách làm việc | D8: [Tuần 01] Tầm nhìn v0 · Phân loại du lịch (nháp) · Xác định vấn đề (giả thuyết) · Tập khách hàng target (dự kiến) · Vai trò từng thành viên · Kịch bản phỏng vấn v0 · Danh sách phỏng vấn · MVP — sơ đồ luồng sử dụng app (as-is) · Lịch họp tuần, thư mục docs/, bãi đỗ ý tưởng · Danh sách 12 người thử nghiệm kín · Biên bản M1 | E8: Ra khỏi tuần với 9 quyết định, ghế có tên, lịch họp đã gửi, và đủ vật liệu để phỏng vấn từ tuần 2. | F8: ALL (ĐP chủ trì) | G8: =NGAY_BAT_DAU+0 -> 46279 | H8: =NGAY_BAT_DAU+6 -> 46285 | I8: =IF(COUNTIF('C1_T01-08'!$I$6:$I$16,"Xong")+COUNTIF('C1_T01-08'!$I$6:$I$16,"Cắt")=11,"Xong",IF(COUNTIF('C1_T01-08'!$I$6:$I$16,"Chưa bắt đầu")=11,"Chưa bắt đầu","Đang làm")) -> Chưa bắt đầu | J8: Biên bản M1 có 9 quyết định · bảng ghế + bảng giờ · tầm nhìn v0 · kịch bản phỏng vấn v0 · danh sách 30–40 tên · sơ đồ luồng as-is · thư mục docs/ có 5 mẫu
A9: 2 | C9: 1.2 Phỏng vấn thử · Số liệu thị trường · Đối thủ | D9: [Tuần 02] 2 phỏng vấn thử · Bảng so sánh 6 app đối thủ · Research số liệu du lịch · Chọn tỉnh mục tiêu → ADR · Danh sách 10 đối tác tỉnh mục tiêu · Khởi tạo bảng số tuần | E9: Kịch bản chạy được trên người thật; thị trường có số có nguồn; đối thủ có ảnh chụp; tỉnh mục tiêu được chốt. | F9: TT · TN · ĐP · VH | G9: =NGAY_BAT_DAU+7 -> 46286 | H9: =NGAY_BAT_DAU+13 -> 46292 | I9: =IF(COUNTIF('C1_T01-08'!$I$18:$I$23,"Xong")+COUNTIF('C1_T01-08'!$I$18:$I$23,"Cắt")=6,"Xong",IF(COUNTIF('C1_T01-08'!$I$18:$I$23,"Chưa bắt đầu")=6,"Chưa bắt đầu","Đang làm")) -> Chưa bắt đầu | J9: Kịch bản v1 · bảng so sánh 6 app có ảnh · tệp số liệu có link · ADR tỉnh mục tiêu · bảng 10 đối tác
A10: 3 | C10: 1.3 Phỏng vấn đợt 1 · Ký thoả thuận đồng sáng lập (M3) | D10: [Tuần 03] ≥ 8 phỏng vấn khách hàng · Ký thoả thuận đồng sáng lập · Mở bảng ghi giờ · Họp Level 10 lần đầu · Gọi 2 đối tác đầu tiên · Marketing trên các nền tảng — 1 trang | E10: ≥ 8 phỏng vấn có tệp; thoả thuận đồng sáng lập ký; họp tuần theo cấu trúc Level 10 lần đầu. | F10: ALL (TT điều phối) | G10: =NGAY_BAT_DAU+14 -> 46293 | H10: =NGAY_BAT_DAU+20 -> 46299 | I10: =IF(COUNTIF('C1_T01-08'!$I$25:$I$30,"Xong")+COUNTIF('C1_T01-08'!$I$25:$I$30,"Cắt")=6,"Xong",IF(COUNTIF('C1_T01-08'!$I$25:$I$30,"Chưa bắt đầu")=6,"Chưa bắt đầu","Đang làm")) -> Chưa bắt đầu | J10: 8 tệp phỏng vấn · thoả thuận đã ký (PDF) · bảng ghi giờ · biên bản Level 10 đầu tiên · ghi chú 2 cuộc gọi đối tác · 1 trang marketing nền tảng
A11: 4 | C11: 1.4 Phỏng vấn ≥ 16 · Nhãn hiệu · Affiliate | D11: [Tuần 04] ≥ 8 phỏng vấn (cộng dồn 16) · Bảng đếm nỗi đau · Tra nhãn hiệu «Levart» · Mua tên miền · 5 câu hỏi luật + đặt hẹn · Gọi 3 đối tác còn lại · Bảng 3 chương trình affiliate · Gom phản hồi về app | E11: Cộng dồn 16 phỏng vấn; biết tên Levart dùng được không; biết affiliate mở cho ai; sẵn câu hỏi cho buổi luật. | F11: ALL · ĐP · VH | G11: =NGAY_BAT_DAU+21 -> 46300 | H11: =NGAY_BAT_DAU+27 -> 46306 | I11: =IF(COUNTIF('C1_T01-08'!$I$32:$I$39,"Xong")+COUNTIF('C1_T01-08'!$I$32:$I$39,"Cắt")=8,"Xong",IF(COUNTIF('C1_T01-08'!$I$32:$I$39,"Chưa bắt đầu")=8,"Chưa bắt đầu","Đang làm")) -> Chưa bắt đầu | J11: 16 tệp phỏng vấn · bảng đếm nỗi đau · kết quả tra nhãn hiệu (có ảnh) · tên miền đã mua · 5 câu hỏi luật + lịch hẹn · bảng 3 chương trình affiliate
A12: 5 | C12: 1.5 Phỏng vấn ≥ 24 · Buổi hỏi luật | D12: [Tuần 05] ≥ 8 phỏng vấn (cộng dồn 24) · Phân tích chéo sơ bộ · Buổi 45' với người hiểu luật · Danh mục pháp lý v1 · Tổng hợp 5 cuộc gọi đối tác · Phân loại du lịch v1 | E12: Cộng dồn 24 phỏng vấn; có câu trả lời thật cho 5 câu luật; biết ai đau nhất; biết đối tác nào sẵn lòng thử. | F12: ALL · ĐP · VH · TN | G12: =NGAY_BAT_DAU+28 -> 46307 | H12: =NGAY_BAT_DAU+34 -> 46313 | I12: =IF(COUNTIF('C1_T01-08'!$I$41:$I$46,"Xong")+COUNTIF('C1_T01-08'!$I$41:$I$46,"Cắt")=6,"Xong",IF(COUNTIF('C1_T01-08'!$I$41:$I$46,"Chưa bắt đầu")=6,"Chưa bắt đầu","Đang làm")) -> Chưa bắt đầu | J12: 24 tệp phỏng vấn · biên bản buổi luật · danh mục pháp lý v1 · bảng đối tác có thể có · phân loại du lịch v1
A13: 6 | C13: 1.6 Phỏng vấn ≥ 30 · Rủi ro · Tình huống ngoại lệ | D13: [Tuần 06] ≥ 6 phỏng vấn (cộng dồn 30) · Pre-mortem + sổ rủi ro v1 · Bảng tình huống ngoại lệ của tỉnh · Sơ đồ luồng to-be nháp · Chuẩn bị buổi tổng hợp T7 | E13: Đủ 30 phỏng vấn; sổ rủi ro v1 có người theo dõi; bảng tình huống của tỉnh; luồng to-be nháp. | F13: ALL · ĐP · VH · SP | G13: =NGAY_BAT_DAU+35 -> 46314 | H13: =NGAY_BAT_DAU+41 -> 46320 | I13: =IF(COUNTIF('C1_T01-08'!$I$48:$I$52,"Xong")+COUNTIF('C1_T01-08'!$I$48:$I$52,"Cắt")=5,"Xong",IF(COUNTIF('C1_T01-08'!$I$48:$I$52,"Chưa bắt đầu")=5,"Chưa bắt đầu","Đang làm")) -> Chưa bắt đầu | J13: 30 tệp phỏng vấn · sổ rủi ro v1 (≥ 12 dòng, top 5 có người) · bảng khẩn cấp tỉnh mục tiêu · sơ đồ luồng to-be nháp
A14: 7 | C14: 1.7 NGUỘI · Kết chu kỳ 1 (M7) — phân tích 30 phỏng vấn | D14: [Tuần 07] Buổi tổng hợp 3 giờ · Kết 3 cược chu kỳ 1 · Gạch giả thuyết G1–G8 · Bù giờ | E14: Biến 30 tệp thành persona v1, top 3 nỗi đau có số, và câu trả lời bằng số cho «khách có thật sự cần không». | F14: ALL (TT chủ trì) | G14: =NGAY_BAT_DAU+42 -> 46321 | H14: =NGAY_BAT_DAU+48 -> 46327 | I14: =IF(COUNTIF('C1_T01-08'!$I$54:$I$57,"Xong")+COUNTIF('C1_T01-08'!$I$54:$I$57,"Cắt")=4,"Xong",IF(COUNTIF('C1_T01-08'!$I$54:$I$57,"Chưa bắt đầu")=4,"Chưa bắt đầu","Đang làm")) -> Chưa bắt đầu | J14: persona v1 · top3-noi-dau.md có số + ảnh bảng · 3 thẻ cược C1 đã điền kết quả · biên bản kết C1 · bảng G1–G8 cập nhật
A15: 8 | C15: 1.8 NGUỘI · Business.md 0.2 · Kịch bản lần 2 · Bàn cược C2 | D15: [Tuần 08] Business.md 0.2 · Kịch bản phỏng vấn lần 2 (phỏng vấn giải pháp, 20') · Bàn cược chu kỳ 2 (T9–T14) · Chính sách quyền riêng tư (nháp) · Danh mục kỹ thuật tối thiểu cho cohort · Trang tĩnh (tên miền) | E15: Tài liệu nền phản ánh bằng chứng; sẵn kịch bản lần 2; ba cược cho chu kỳ 2; chính sách riêng tư và trang tĩnh sẵn trước khi người ngoài dùng app. | F15: TN · TT · ĐP · SP | G15: =NGAY_BAT_DAU+49 -> 46328 | H15: =NGAY_BAT_DAU+55 -> 46334 | I15: =IF(COUNTIF('C1_T01-08'!$I$59:$I$64,"Xong")+COUNTIF('C1_T01-08'!$I$59:$I$64,"Cắt")=6,"Xong",IF(COUNTIF('C1_T01-08'!$I$59:$I$64,"Chưa bắt đầu")=6,"Chưa bắt đầu","Đang làm")) -> Chưa bắt đầu | J15: Business.md 0.2 · kịch bản phỏng vấn lần 2 + 3 thẻ giá · 3 thẻ cược C2 · chính sách riêng tư nháp · trang tĩnh
A16: ="🎯 MỐC REVIEW CHU KỲ 1 (R1): Kết chu kỳ 1 & phân tích 30 phỏng vấn │ 📅 Thời gian: "&TEXT(NGAY_BAT_DAU+0,"dd/mm/yyyy")&" – "&TEXT(NGAY_BAT_DAU+55,"dd/mm/yyyy")&" (T01–T08) │ 👤 PIC: ALL (TT chủ trì buổi tổng hợp 3 giờ) │ 🎯 Mục đích: Biến 30 tệp phỏng vấn thành persona v1 + top 3 nỗi đau có số; kết 3 cược C1; gạch giả thuyết G1–G8 │ 📋"&" Output: Persona v1 · top 3 nỗi đau có % · biên bản kết C1 · Business.md 0.2 · 3 thẻ cược C2 │ 📝 Ghi chú: Tuần nguội T7–T8 — không xếp việc mới │ ⏳ Trạng thái: Chưa bắt đầu" -> 🎯 MỐC REVIEW CHU KỲ 1 (R1): Kết chu kỳ 1 & phân tích 30 phỏng vấn │ 📅 Thời gian: 14/09/2026 – 08/11/2026 (T01–T08) │ 👤 PIC: ALL (TT chủ trì buổi tổng hợp 3 giờ) │ 🎯 Mục đích: Biến 30 tệp phỏng vấn thành persona v1 + top 3 nỗi đau có số; kết 3 cược C1; gạch giả thuyết G1–G8 │ 📋 Output: Persona v1 · top 3 nỗi đau có % · biên bản kết C1 · Business.md 0.2 · 3 thẻ cược C2 │ 📝 Ghi chú: Tuần nguội T7–T8 — không xếp việc mới │ ⏳ Trạng thái: Chưa bắt đầu
A17: 9 | B17: QUÝ 1 — GIAI ĐOẠN 1: THẤU CẢM | C17: 1.9 Thử nghiệm kín 12 người · Phỏng vấn lần 2 | D17: [Tuần 09] Thử nghiệm kín 12 người · Phễu đo hoạt động · 5 phỏng vấn lần 2 · 3 nội dung ngắn đầu tiên · Ưu đãi đối tác — 1 trang · Công khai trang tĩnh | E17: Đồng hồ 14 ngày của Google Play bắt đầu; phễu có số thật đầu tiên; 5 phỏng vấn lần 2; 3 nội dung đầu. | F17: SP · TT · VH · ĐP | G17: =NGAY_BAT_DAU+56 -> 46335 | H17: =NGAY_BAT_DAU+62 -> 46341 | I17: =IF(COUNTIF('C2_T09-16'!$I$6:$I$11,"Xong")+COUNTIF('C2_T09-16'!$I$6:$I$11,"Cắt")=6,"Xong",IF(COUNTIF('C2_T09-16'!$I$6:$I$11,"Chưa bắt đầu")=6,"Chưa bắt đầu","Đang làm")) -> Chưa bắt đầu | J17: 12 người đã cài (có ngày) · bảng số có cột kích hoạt · 5 tệp phỏng vấn lần 2 · 3 link nội dung · 3 đối tác xác nhận ưu đãi · trang tĩnh công khai
A18: 10 | C18: 1.10 Cohort 30 người · Phân tích lần 2 · Slogan | D18: [Tuần 10] Mời cohort lên 30 người · 5 phỏng vấn lần 2 còn lại + phân tích · Thử 3 slogan với 20 người ngoài nhóm · Chạy ưu đãi đối tác · Theo dõi lỗi cohort · 3 nội dung tiếp theo | E18: 30 người dùng thật có nguồn; kết quả 10 phỏng vấn lần 2; slogan v1 chọn bằng người ngoài. | F18: TT · TN · VH · SP | G18: =NGAY_BAT_DAU+63 -> 46342 | H18: =NGAY_BAT_DAU+69 -> 46348 | I18: =IF(COUNTIF('C2_T09-16'!$I$13:$I$18,"Xong")+COUNTIF('C2_T09-16'!$I$13:$I$18,"Cắt")=6,"Xong",IF(COUNTIF('C2_T09-16'!$I$13:$I$18,"Chưa bắt đầu")=6,"Chưa bắt đầu","Đang làm")) -> Chưa bắt đầu | J18: Bảng cohort 30 dòng có nguồn · phong-van-lan-2-ket-qua.md · ADR slogan v1 · bảng theo dõi ưu đãi · bảng lỗi
A19: 11 | C19: 1.11 Đo kích hoạt & quay lại · Dòng tiền v0 | D19: [Tuần 11] Bảng số T11 · Dòng tiền v0 · 4 nội dung còn lại + bảng nội dung · Mở rộng bảng đối tác có thể có · Chuẩn bị khảo sát «rất thất vọng» | E19: Bảng số có 4 chỉ số thật; biết chi phí cố định 12 tháng; 10 nội dung có số; sẵn khảo sát. | F19: ĐP · TT · VH · SP | G19: =NGAY_BAT_DAU+70 -> 46349 | H19: =NGAY_BAT_DAU+76 -> 46355 | I19: =IF(COUNTIF('C2_T09-16'!$I$20:$I$24,"Xong")+COUNTIF('C2_T09-16'!$I$20:$I$24,"Cắt")=5,"Xong",IF(COUNTIF('C2_T09-16'!$I$20:$I$24,"Chưa bắt đầu")=5,"Chưa bắt đầu","Đang làm")) -> Chưa bắt đầu | J19: Bảng số T11 có 4 chỉ số · dòng tiền v0 + đoạn giả định · bảng 10 nội dung có số · bảng đối tác có thể có ≥ 12 dòng · form khảo sát + danh sách người nhận
A20: 12 | C20: 1.12 CỔNG QUÝ 1 (M12) — tiếp / xoay / dừng | D20: [Tuần 12] Khảo sát Sean Ellis · Họp cổng 2 giờ · Điều kiện phát hành production · Cập nhật giai đoạn trong Business.md | E20: Quyết định tiếp / xoay / dừng bằng bảng tiêu chí đã viết trước; chốt Rocks Q2; đủ điều kiện xin phát hành. | F20: ALL (TN quyết cuối) | G20: =NGAY_BAT_DAU+77 -> 46356 | H20: =NGAY_BAT_DAU+83 -> 46362 | I20: =IF(COUNTIF('C2_T09-16'!$I$26:$I$29,"Xong")+COUNTIF('C2_T09-16'!$I$26:$I$29,"Cắt")=4,"Xong",IF(COUNTIF('C2_T09-16'!$I$26:$I$29,"Chưa bắt đầu")=4,"Chưa bắt đầu","Đang làm")) -> Chưa bắt đầu | J20: Kết quả khảo sát «rất thất vọng» + n · biên bản cổng Q1 · ADR tiếp/xoay/dừng · 3 Rocks Q2 · đơn xin quyền phát hành (hoặc danh sách còn thiếu có hạn)
A21: ="🚩 CỔNG QUÝ 1 (G1): Giai đoạn 1 THẤU CẢM → Giai đoạn 2 BÁM DÍNH │ 📅 Thời gian: "&TEXT(NGAY_BAT_DAU+77,"dd/mm/yyyy")&" – "&TEXT(NGAY_BAT_DAU+83,"dd/mm/yyyy")&" (T12–T12) │ 👤 PIC: ALL (TN quyết cuối) │ 🎯 Mục đích: Quyết định tiếp / xoay / dừng bằng bảng tiêu chí viết trước, không quyết bằng cảm tính │ 📋 Output: Tiêu chí: ≥ 30 phỏng"&" vấn có bài học · ≥ 60% tự nêu cùng một nỗi đau · persona v1 · ≥ 3 đối tác đồng ý thử · cohort 30 người có số kích hoạt → Biên bản cổng + ADR + 3 Rocks Q2 │ 📝 Ghi chú: Đồng thời "&"kiểm đủ điều kiện xin quyền phát hành production │ ⏳ Trạng thái: Chưa bắt đầu" -> 🚩 CỔNG QUÝ 1 (G1): Giai đoạn 1 THẤU CẢM → Giai đoạn 2 BÁM DÍNH │ 📅 Thời gian: 30/11/2026 – 06/12/2026 (T12–T12) │ 👤 PIC: ALL (TN quyết cuối) │ 🎯 Mục đích: Quyết định tiếp / xoay / dừng bằng bảng tiêu chí viết trước, không quyết bằng cảm tính │ 📋 Output: Tiêu chí: ≥ 30 phỏng vấn có bài học · ≥ 60% tự nêu cùng một nỗi đau · persona v1 · ≥ 3 đối tác đồng ý thử · cohort 30 người có số kích hoạt → Biên bản cổng + ADR + 3 Rocks Q2 │ 📝 Ghi chú: Đồng thời kiểm đủ điều kiện xin quyền phát hành production │ ⏳ Trạng thái: Chưa bắt đầu
A22: 13 | B22: QUÝ 2 — GIAI ĐOẠN 2: BÁM DÍNH | C22: 2.1 Phỏng vấn người bỏ · Phân loại v2 · Brief con dấu | D22: [Tuần 13] 5 phỏng vấn người bỏ (churn) · Phân loại du lịch v2 · Brief tài sản đặc trưng (con dấu 34 tỉnh) · Cập nhật danh mục pháp lý + nộp nhãn hiệu · Thu sự cố thật của cohort | E22: Biết vì sao người ta bỏ; chốt nhãn phân loại; khởi động tài sản hình ảnh; nộp nhãn hiệu. | F22: TT · TN · ĐP · VH | G22: =NGAY_BAT_DAU+84 -> 46363 | H22: =NGAY_BAT_DAU+90 -> 46369 | I22: =IF(COUNTIF('C2_T09-16'!$I$31:$I$35,"Xong")+COUNTIF('C2_T09-16'!$I$31:$I$35,"Cắt")=5,"Xong",IF(COUNTIF('C2_T09-16'!$I$31:$I$35,"Chưa bắt đầu")=5,"Chưa bắt đầu","Đang làm")) -> Chưa bắt đầu | J22: 5 tệp phỏng vấn churn + churn-C2.md · phân loại v2 + ADR · brief tài sản đặc trưng + người nhận · đơn nhãn hiệu có số nhận · ≥ 5 sự cố thật
A23: 14 | C23: 2.2 Kết chu kỳ 2 | D23: [Tuần 14] Kết 3 cược C2 · Danh mục ≤ 3 tính năng cho C3 · Dòng tiền v1 · Lịch tuần đệm T15–T16 | E23: Kết 3 cược bằng số; chọn ≤ 3 tính năng đáng xây và vì sao; chi phí/người v0. | F23: ALL · SP · TT · ĐP | G23: =NGAY_BAT_DAU+91 -> 46370 | H23: =NGAY_BAT_DAU+97 -> 46376 | I23: =IF(COUNTIF('C2_T09-16'!$I$37:$I$40,"Xong")+COUNTIF('C2_T09-16'!$I$37:$I$40,"Cắt")=4,"Xong",IF(COUNTIF('C2_T09-16'!$I$37:$I$40,"Chưa bắt đầu")=4,"Chưa bắt đầu","Đang làm")) -> Chưa bắt đầu | J23: Biên bản kết C2 · danh mục ≤ 3 tính năng C3 có cột «vì sao» · dòng tiền v1 · lịch tuần đệm
A24: 15 | C24: 2.3 NGUỘI · Business.md 0.3 · Chọn 2 kênh (Bullseye) | D24: [Tuần 15] Business.md 0.3 · Bullseye — chọn 2 kênh · Kiểm 3 việc bắt buộc + kế hoạch phát hành · Cập nhật so sánh đối thủ | E24: Tài liệu và quyết định kênh; kiểm điều kiện phát hành. (Trùng kỳ thi học kỳ 1 — tải nhẹ.) | F24: TN · TT · ĐP · SP | G24: =NGAY_BAT_DAU+98 -> 46377 | H24: =NGAY_BAT_DAU+104 -> 46383 | I24: =IF(COUNTIF('C2_T09-16'!$I$42:$I$45,"Xong")+COUNTIF('C2_T09-16'!$I$42:$I$45,"Cắt")=4,"Xong",IF(COUNTIF('C2_T09-16'!$I$42:$I$45,"Chưa bắt đầu")=4,"Chưa bắt đầu","Đang làm")) -> Chưa bắt đầu | J24: Business.md 0.3 · ADR chọn 2 kênh · kế hoạch phát hành 1 trang · ghi chú cập nhật đối thủ
A25: 16 | C25: 2.4 NGUỘI · Bàn cược C3 · Con dấu v1 | D25: [Tuần 16] Bàn cược C3 (T17–T22) · Nhận thiết kế con dấu v1 · Kế hoạch chiến dịch trường 1 · Lịch trực lỗi Tết Dương | E25: Ba cược cho chu kỳ 3; bộ hình con dấu v1; kế hoạch chiến dịch trường. | F25: ALL · TN · TT · SP | G25: =NGAY_BAT_DAU+105 -> 46384 | H25: =NGAY_BAT_DAU+111 -> 46390 | I25: =IF(COUNTIF('C2_T09-16'!$I$47:$I$50,"Xong")+COUNTIF('C2_T09-16'!$I$47:$I$50,"Cắt")=4,"Xong",IF(COUNTIF('C2_T09-16'!$I$47:$I$50,"Chưa bắt đầu")=4,"Chưa bắt đầu","Đang làm")) -> Chưa bắt đầu | J25: 3 thẻ cược C3 · bộ hình con dấu v1 · kế hoạch chiến dịch trường 1 · lịch trực lỗi Tết Dương
A26: ="🎯 MỐC REVIEW CHU KỲ 2 (R2): Kết chu kỳ 2 & chọn kênh │ 📅 Thời gian: "&TEXT(NGAY_BAT_DAU+56,"dd/mm/yyyy")&" – "&TEXT(NGAY_BAT_DAU+111,"dd/mm/yyyy")&" (T09–T16) │ 👤 PIC: ALL (ĐP chủ trì) │ 🎯 Mục đích: Kết 3 cược C2 bằng số; chọn ≤ 3 tính năng đáng xây; chọn 2 kênh (Bullseye); chuẩn bị phát hành │ 📋 Output: Biên bản kết C2"&" · danh mục ≤ 3 tính năng có cột «vì sao» · dòng tiền v1 · ADR kênh · bộ hình con dấu v1 · 3 thẻ cược C3 │ 📝 Ghi chú: T15–T16 trùng kỳ thi học kỳ 1 và Tết Dương — tải nhẹ │ ⏳ T"&"rạng thái: Chưa bắt đầu" -> 🎯 MỐC REVIEW CHU KỲ 2 (R2): Kết chu kỳ 2 & chọn kênh │ 📅 Thời gian: 09/11/2026 – 03/01/2027 (T09–T16) │ 👤 PIC: ALL (ĐP chủ trì) │ 🎯 Mục đích: Kết 3 cược C2 bằng số; chọn ≤ 3 tính năng đáng xây; chọn 2 kênh (Bullseye); chuẩn bị phát hành │ 📋 Output: Biên bản kết C2 · danh mục ≤ 3 tính năng có cột «vì sao» · dòng tiền v1 · ADR kênh · bộ hình con dấu v1 · 3 thẻ cược C3 │ 📝 Ghi chú: T15–T16 trùng kỳ thi học kỳ 1 và Tết Dương — tải nhẹ │ ⏳ Trạng thái: Chưa bắt đầu
A27: 17 | B27: QUÝ 2 — GIAI ĐOẠN 2: BÁM DÍNH | C27: 2.5 Phát hành production · ASO · Chiến dịch trường 1 | D27: [Tuần 17] Phát hành production · Trang cửa hàng (ASO cơ bản) · Chiến dịch trường tuần 1 · Chuẩn bị đối tác mùa xuân · Thêm cột quay lại 30 ngày | E27: App công khai; trang cửa hàng mang con dấu; +30 người lạ. | F27: SP · TT · TN · VH · ĐP | G27: =NGAY_BAT_DAU+112 -> 46391 | H27: =NGAY_BAT_DAU+118 -> 46397 | I27: =IF(COUNTIF('C3_T17-24'!$I$6:$I$10,"Xong")+COUNTIF('C3_T17-24'!$I$6:$I$10,"Cắt")=5,"Xong",IF(COUNTIF('C3_T17-24'!$I$6:$I$10,"Chưa bắt đầu")=5,"Chưa bắt đầu","Đang làm")) -> Chưa bắt đầu | J27: App công khai · trang cửa hàng cập nhật + ảnh chụp · bảng cohort +30 có nguồn · 3 đối tác xác nhận mùa xuân · số quay lại 30 ngày đầu tiên
A28: 18 | C28: 2.6 Mở rộng cohort · Nội dung 2 kênh · Xác minh hotline | D28: [Tuần 18] Nội dung 3 bài/tuần × 2 kênh · Tính năng 1 · Gọi thử từng số hotline · Chiến dịch trường tuần 2 | E28: +30 người; số cài theo kênh; biết hotline nào thật; tính năng 1 ra mắt. | F28: TT · SP · VH | G28: =NGAY_BAT_DAU+119 -> 46398 | H28: =NGAY_BAT_DAU+125 -> 46404 | I28: =IF(COUNTIF('C3_T17-24'!$I$12:$I$15,"Xong")+COUNTIF('C3_T17-24'!$I$12:$I$15,"Cắt")=4,"Xong",IF(COUNTIF('C3_T17-24'!$I$12:$I$15,"Chưa bắt đầu")=4,"Chưa bắt đầu","Đang làm")) -> Chưa bắt đầu | J28: Bảng nội dung tuần + K sơ bộ · tính năng 1 ra mắt có số đo · bảng hotline có cột «đã gọi ngày» · +60 người cộng dồn
A29: 19 | C29: 2.7 Dòng tiền v2 · Kinh tế đơn vị · Giá hộ chiếu in | D29: [Tuần 19] Dòng tiền v2 + kinh tế đơn vị · Giá hộ chiếu in · Tính năng 2 · Nội dung + chiến dịch tuần 3 | E29: Biết chi phí mỗi người dùng/tháng, kênh CAC thấp nhất, và giá hộ chiếu in dự kiến. | F29: ĐP · TN · SP · TT | G29: =NGAY_BAT_DAU+126 -> 46405 | H29: =NGAY_BAT_DAU+132 -> 46411 | I29: =IF(COUNTIF('C3_T17-24'!$I$17:$I$20,"Xong")+COUNTIF('C3_T17-24'!$I$17:$I$20,"Cắt")=4,"Xong",IF(COUNTIF('C3_T17-24'!$I$17:$I$20,"Chưa bắt đầu")=4,"Chưa bắt đầu","Đang làm")) -> Chưa bắt đầu | J29: Sheet dòng tiền v2 + 1 trang đọc kết quả · bảng giá vốn 3 nhà in + 3 thẻ giá · tính năng 2 ra mắt
A30: 20 | C30: 2.8 Chuẩn bị Tết · Khảo sát Sean Ellis đợt 2 | D30: [Tuần 20] Nội dung Tết · Khảo sát Sean Ellis đợt 2 · Tính năng 3 hoặc sửa lỗi · Đối tác dịp Tết · Kế hoạch Tết cho nhóm | E30: Nội dung Tết lên lịch; khảo sát đợt 2; kế hoạch trực Tết. | F30: TT · ĐP · SP · VH | G30: =NGAY_BAT_DAU+133 -> 46412 | H30: =NGAY_BAT_DAU+139 -> 46418 | I30: =IF(COUNTIF('C3_T17-24'!$I$22:$I$26,"Xong")+COUNTIF('C3_T17-24'!$I$22:$I$26,"Cắt")=5,"Xong",IF(COUNTIF('C3_T17-24'!$I$22:$I$26,"Chưa bắt đầu")=5,"Chưa bắt đầu","Đang làm")) -> Chưa bắt đầu | J30: Lịch đăng nội dung Tết + người đăng · kết quả khảo sát đợt 2 + so sánh đợt 1 · tính năng 3 · kế hoạch Tết cho nhóm
A31: 21 | C31: 2.9 TẾT (tuần đệm) — theo dõi số | D31: [Tuần 21] Gom số hằng ngày · Trực lỗi chặn · Đăng theo lịch · Nghỉ | E31: Giữ nhịp tối thiểu, không xếp cược nặng. Tết Nguyên đán 2027 (06/02). | F31: ĐP · SP · TT | G31: =NGAY_BAT_DAU+140 -> 46419 | H31: =NGAY_BAT_DAU+146 -> 46425 | I31: =IF(COUNTIF('C3_T17-24'!$I$28:$I$31,"Xong")+COUNTIF('C3_T17-24'!$I$28:$I$31,"Cắt")=4,"Xong",IF(COUNTIF('C3_T17-24'!$I$28:$I$31,"Chưa bắt đầu")=4,"Chưa bắt đầu","Đang làm")) -> Chưa bắt đầu | J31: Sheet số hằng ngày · bảng lỗi · link nội dung Tết
A32: 22 | C32: 2.10 TẾT (tuần đệm) — nghỉ | D32: [Tuần 22] Tiếp tục gom số + trực lỗi | E32: Nghỉ Tết. Không họp hoặc họp 30'. | F32: ĐP · SP | G32: =NGAY_BAT_DAU+147 -> 46426 | H32: =NGAY_BAT_DAU+153 -> 46432 | I32: =IF(COUNTIF('C3_T17-24'!$I$33:$I$33,"Xong")+COUNTIF('C3_T17-24'!$I$33:$I$33,"Cắt")=1,"Xong",IF(COUNTIF('C3_T17-24'!$I$33:$I$33,"Chưa bắt đầu")=1,"Chưa bắt đầu","Đang làm")) -> Chưa bắt đầu | J32: Ghi chú hành vi dịp Tết
A33: 23 | C33: 2.11 NGUỘI · Kết chu kỳ 3 · Phân tích Tết · Phỏng vấn ở lại/bỏ | D33: [Tuần 23] Kết chu kỳ 3 · Tính quay lại 30 ngày · Phân tích hành vi Tết · 5 + 5 phỏng vấn (ở lại / bỏ) · Business.md 0.4 | E33: Kết C3; quay lại 30 ngày thật; biết điều gì giữ người. | F33: ALL · ĐP · TT · TN | G33: =NGAY_BAT_DAU+154 -> 46433 | H33: =NGAY_BAT_DAU+160 -> 46439 | I33: =IF(COUNTIF('C3_T17-24'!$I$35:$I$39,"Xong")+COUNTIF('C3_T17-24'!$I$35:$I$39,"Cắt")=5,"Xong",IF(COUNTIF('C3_T17-24'!$I$35:$I$39,"Chưa bắt đầu")=5,"Chưa bắt đầu","Đang làm")) -> Chưa bắt đầu | J33: Biên bản kết C3 · bảng quay lại 30 ngày (tách theo kênh và quen/lạ) · 5 dòng học được từ Tết · 10 tệp phỏng vấn + dieu-giu-nguoi.md · Business.md 0.4
A34: 24 | C34: 2.12 CỔNG QUÝ 2 · ADR pháp nhân · Bàn cược C4 | D34: [Tuần 24] Họp cổng 2 giờ · ADR pháp nhân · Chốt Rocks Q3 · Bàn cược C4 (T25–T30) | E34: Qua cổng hay không; quyết định pháp nhân; Rocks Q3; ba cược C4. | F34: ALL (TN · ĐP quyết cuối) | G34: =NGAY_BAT_DAU+161 -> 46440 | H34: =NGAY_BAT_DAU+167 -> 46446 | I34: =IF(COUNTIF('C3_T17-24'!$I$41:$I$44,"Xong")+COUNTIF('C3_T17-24'!$I$41:$I$44,"Cắt")=4,"Xong",IF(COUNTIF('C3_T17-24'!$I$41:$I$44,"Chưa bắt đầu")=4,"Chưa bắt đầu","Đang làm")) -> Chưa bắt đầu | J34: Biên bản cổng Q2 + ADR · ADR pháp nhân có chữ ký · 3 Rocks Q3 · 3 thẻ cược C4
A35: ="🎯 MỐC REVIEW CHU KỲ 3 (R3): Kết chu kỳ 3 & phân tích Tết │ 📅 Thời gian: "&TEXT(NGAY_BAT_DAU+112,"dd/mm/yyyy")&" – "&TEXT(NGAY_BAT_DAU+160,"dd/mm/yyyy")&" (T17–T23) │ 👤 PIC: ALL (ĐP chủ trì) │ 🎯 Mục đích: Kết C3 (dời sang T23 vì Tết); đo quay lại 30 ngày thật; phỏng vấn người ở lại và người bỏ │ 📋 Output: Biên bản kết C3 · bả"&"ng quay lại 30 ngày tách theo kênh và quen/lạ · dieu-giu-nguoi.md · Business.md 0.4 │ 📝 Ghi chú: T21–T22 nghỉ Tết Nguyên đán 2027 (06/02) — không họp hoặc họp 30' │ ⏳ Trạng thá"&"i: Chưa bắt đầu" -> 🎯 MỐC REVIEW CHU KỲ 3 (R3): Kết chu kỳ 3 & phân tích Tết │ 📅 Thời gian: 04/01/2027 – 21/02/2027 (T17–T23) │ 👤 PIC: ALL (ĐP chủ trì) │ 🎯 Mục đích: Kết C3 (dời sang T23 vì Tết); đo quay lại 30 ngày thật; phỏng vấn người ở lại và người bỏ │ 📋 Output: Biên bản kết C3 · bảng quay lại 30 ngày tách theo kênh và quen/lạ · dieu-giu-nguoi.md · Business.md 0.4 │ 📝 Ghi chú: T21–T22 nghỉ Tết Nguyên đán 2027 (06/02) — không họp hoặc họp 30' │ ⏳ Trạng thái: Chưa bắt đầu
A36: ="🚩 CỔNG QUÝ 2 (G2): Giai đoạn 2 BÁM DÍNH → Giai đoạn 3 LAN TRUYỀN │ 📅 Thời gian: "&TEXT(NGAY_BAT_DAU+161,"dd/mm/yyyy")&" – "&TEXT(NGAY_BAT_DAU+167,"dd/mm/yyyy")&" (T24–T24) │ 👤 PIC: ALL (TN · ĐP quyết cuối) │ 🎯 Mục đích: Quyết định tiếp / xoay / dừng; và quyết định CỬA MỘT CHIỀU: lập doanh nghiệp trong Q3 │ 📋 Output: Tiêu chí: ≥ 40% "&"«rất thất vọng» (đợt 2) · quay lại 30 ngày ≥ ngưỡng đặt ở T12 · ≥ 100 người hoạt động 1 trường · biết chi phí/người → Biên bản cổng + ADR pháp nhân có chữ ký + Rocks Q3 + 3 thẻ cượ"&"c C4 │ 📝 Ghi chú: Lập DN vì chuẩn bị bật dòng thu (affiliate T28, hộ chiếu in T33) và ngưỡng mạng xã hội │ ⏳ Trạng thái: Chưa bắt đầu" -> 🚩 CỔNG QUÝ 2 (G2): Giai đoạn 2 BÁM DÍNH → Giai đoạn 3 LAN TRUYỀN │ 📅 Thời gian: 22/02/2027 – 28/02/2027 (T24–T24) │ 👤 PIC: ALL (TN · ĐP quyết cuối) │ 🎯 Mục đích: Quyết định tiếp / xoay / dừng; và quyết định CỬA MỘT CHIỀU: lập doanh nghiệp trong Q3 │ 📋 Output: Tiêu chí: ≥ 40% «rất thất vọng» (đợt 2) · quay lại 30 ngày ≥ ngưỡng đặt ở T12 · ≥ 100 người hoạt động 1 trường · biết chi phí/người → Biên bản cổng + ADR pháp nhân có chữ ký + Rocks Q3 + 3 thẻ cược C4 │ 📝 Ghi chú: Lập DN vì chuẩn bị bật dòng thu (affiliate T28, hộ chiếu in T33) và ngưỡng mạng xã hội │ ⏳ Trạng thái: Chưa bắt đầu
A37: 25 | B37: QUÝ 3 — GIAI ĐOẠN 3: LAN TRUYỀN & CHUẨN BỊ DOANH THU | C37: 3.1 Đặt trước hộ chiếu in · Hồ sơ DN · Mời chuyến đi chung | D37: [Tuần 25] Trang đặt trước hộ chiếu in · Hồ sơ doanh nghiệp · Mời chuyến đi chung thủ công · Cơ chế chia sẻ con dấu / mời bạn | E37: Trang đặt trước sống; hồ sơ DN đủ; nhóm đi chung đủ người; cơ chế mời có. | F37: TT · TN · ĐP · VH · SP | G37: =NGAY_BAT_DAU+168 -> 46447 | H37: =NGAY_BAT_DAU+174 -> 46453 | I37: =IF(COUNTIF('C4_T25-32'!$I$6:$I$9,"Xong")+COUNTIF('C4_T25-32'!$I$6:$I$9,"Cắt")=4,"Xong",IF(COUNTIF('C4_T25-32'!$I$6:$I$9,"Chưa bắt đầu")=4,"Chưa bắt đầu","Đang làm")) -> Chưa bắt đầu | J37: Trang đặt trước live + bảng số theo ngày · bộ hồ sơ DN đã rà · 6–8 người xác nhận đi chung + ngày chốt · cơ chế chia sẻ con dấu ra mắt
A38: 26 | C38: 3.2 Nộp hồ sơ DN · Chọn kế toán · 10 creator | D38: [Tuần 26] Nộp hồ sơ doanh nghiệp · 3 báo giá kế toán dịch vụ · Chuẩn bị affiliate đứng tên DN · Đo hệ số mời K · Danh sách 10 creator | E38: Hồ sơ nộp; kế toán chọn; K sơ bộ; 10 creator có liên hệ. | F38: ĐP · VH · TT · TN | G38: =NGAY_BAT_DAU+175 -> 46454 | H38: =NGAY_BAT_DAU+181 -> 46460 | I38: =IF(COUNTIF('C4_T25-32'!$I$11:$I$15,"Xong")+COUNTIF('C4_T25-32'!$I$11:$I$15,"Cắt")=5,"Xong",IF(COUNTIF('C4_T25-32'!$I$11:$I$15,"Chưa bắt đầu")=5,"Chưa bắt đầu","Đang làm")) -> Chưa bắt đầu | J38: Giấy chứng nhận ĐKDN hoặc trạng thái có ngày · bảng 3 báo giá kế toán + quyết định · hồ sơ affiliate sẵn · cột K trong bảng số · danh sách 10 creator (5 đã nhắn)
A39: 27 | C39: 3.3 Chuyến đi chung thủ công #1 · Kế toán vào việc | D39: [Tuần 27] Quan sát chuyến đi chung · Kế toán vào việc · 5 creator nhận sản phẩm và đăng · Đặt trước tuần 3 · Nội dung kênh thắng | E39: Biết điều kiện tin cậy tối thiểu; kế toán chạy; 5 creator đăng bài. | F39: VH · ĐP · TT · TN | G39: =NGAY_BAT_DAU+182 -> 46461 | H39: =NGAY_BAT_DAU+188 -> 46467 | I39: =IF(COUNTIF('C4_T25-32'!$I$17:$I$21,"Xong")+COUNTIF('C4_T25-32'!$I$17:$I$21,"Cắt")=5,"Xong",IF(COUNTIF('C4_T25-32'!$I$17:$I$21,"Chưa bắt đầu")=5,"Chưa bắt đầu","Đang làm")) -> Chưa bắt đầu | J39: Tệp ghi chép chuyến đi + 5 phỏng vấn sau chuyến · hợp đồng kế toán + lịch làm việc · 5 bài creator có link · bảng số đặt trước tuần 3
A40: 28 | C40: 3.4 Hồ sơ mạng xã hội · Bật affiliate · Xác thực SĐT | D40: [Tuần 28] Hồ sơ mạng xã hội · Chính sách xác thực số điện thoại · Bật link affiliate · Creator tuần 2 · đặt trước tuần 4 | E40: Hồ sơ mạng xã hội ở trạng thái rõ ràng; affiliate chạy hợp pháp; chính sách xác thực công bố. | F40: ĐP · SP · VH · TT | G40: =NGAY_BAT_DAU+189 -> 46468 | H40: =NGAY_BAT_DAU+195 -> 46474 | I40: =IF(COUNTIF('C4_T25-32'!$I$23:$I$26,"Xong")+COUNTIF('C4_T25-32'!$I$23:$I$26,"Cắt")=4,"Xong",IF(COUNTIF('C4_T25-32'!$I$23:$I$26,"Chưa bắt đầu")=4,"Chưa bắt đầu","Đang làm")) -> Chưa bắt đầu | J40: Biên nhận thông báo MXH hoặc kế hoạch giấy phép có hạn · điều khoản cập nhật + tính năng xác thực lên lịch · link affiliate sống + cột bấm/đặt
A41: 29 | C41: 3.5 Đo K · Doanh thu đầu tiên · Quyết định in lô 1 | D41: [Tuần 29] Bảng số + dòng tiền v3 · Quyết định lô in 1 · Đối tác tỉnh 2 · Nội dung | E41: Dòng tiền có số thật; quyết định in hay hoãn; tỉnh 2 khởi động. | F41: ĐP · TN · VH · TT | G41: =NGAY_BAT_DAU+196 -> 46475 | H41: =NGAY_BAT_DAU+202 -> 46481 | I41: =IF(COUNTIF('C4_T25-32'!$I$28:$I$31,"Xong")+COUNTIF('C4_T25-32'!$I$28:$I$31,"Cắt")=4,"Xong",IF(COUNTIF('C4_T25-32'!$I$28:$I$31,"Chưa bắt đầu")=4,"Chưa bắt đầu","Đang làm")) -> Chưa bắt đầu | J41: Sheet dòng tiền v3 (giả định thay bằng số thật) · ADR lô in 1 + hợp đồng in (hoặc lý do hoãn) · bảng 10 đối tác tỉnh 2 + 5 ghi chú cuộc gọi
A42: 30 | C42: 3.6 Kết chu kỳ 4 · Đặt in lô 1 | D42: [Tuần 30] Đặt in lô 1 · Thử ưu đãi mời bạn · Kết 3 cược C4 · Sửa lỗi | E42: Kết 3 cược C4; lô 1 vào xưởng; thử ưu đãi mời bạn. | F42: TN · VH · TT · ALL · SP | G42: =NGAY_BAT_DAU+203 -> 46482 | H42: =NGAY_BAT_DAU+209 -> 46488 | I42: =IF(COUNTIF('C4_T25-32'!$I$33:$I$36,"Xong")+COUNTIF('C4_T25-32'!$I$33:$I$36,"Cắt")=4,"Xong",IF(COUNTIF('C4_T25-32'!$I$33:$I$36,"Chưa bắt đầu")=4,"Chưa bắt đầu","Đang làm")) -> Chưa bắt đầu | J42: Đơn in lô 1 · thiết lập ưu đãi mời bạn + số nền · biên bản kết C4
A43: 31 | C43: 3.7 NGUỘI · Kết luận people connection · Business.md 0.5 | D43: [Tuần 31] Kết luận people connection · Business.md 0.5 · Rà sổ rủi ro Q3 · Bù giờ | E43: Chốt hướng ghép nhóm đi chung; tài liệu cập nhật; rủi ro quý có tiền thật. | F43: ALL (VH trình) · TN · ĐP | G43: =NGAY_BAT_DAU+210 -> 46489 | H43: =NGAY_BAT_DAU+216 -> 46495 | I43: =IF(COUNTIF('C4_T25-32'!$I$38:$I$41,"Xong")+COUNTIF('C4_T25-32'!$I$38:$I$41,"Cắt")=4,"Xong",IF(COUNTIF('C4_T25-32'!$I$38:$I$41,"Chưa bắt đầu")=4,"Chưa bắt đầu","Đang làm")) -> Chưa bắt đầu | J43: ADR ghép nhóm · Business.md 0.5 · sổ rủi ro Q3 cập nhật
A44: 32 | C44: 3.8 NGUỘI · Bàn cược C5 · Chuẩn bị giao hàng | D44: [Tuần 32] Bàn cược C5 (T33–T38) · Kế hoạch trường 2 · Chuẩn bị giao hàng | E44: Ba đến bốn cược C5; kế hoạch trường 2; danh sách đơn xác nhận. | F44: ALL · TT · VH | G44: =NGAY_BAT_DAU+217 -> 46496 | H44: =NGAY_BAT_DAU+223 -> 46502 | I44: =IF(COUNTIF('C4_T25-32'!$I$43:$I$45,"Xong")+COUNTIF('C4_T25-32'!$I$43:$I$45,"Cắt")=3,"Xong",IF(COUNTIF('C4_T25-32'!$I$43:$I$45,"Chưa bắt đầu")=3,"Chưa bắt đầu","Đang làm")) -> Chưa bắt đầu | J44: 3–4 thẻ cược C5 · kế hoạch trường 2 · danh sách đơn đã xác nhận (giá, cách trả, địa chỉ)
A45: ="🎯 MỐC REVIEW CHU KỲ 4 (R4): Kết chu kỳ 4 & kết luận people connection │ 📅 Thời gian: "&TEXT(NGAY_BAT_DAU+168,"dd/mm/yyyy")&" – "&TEXT(NGAY_BAT_DAU+223,"dd/mm/yyyy")&" (T25–T32) │ 👤 PIC: ALL (VH trình phần đi chung) │ 🎯 Mục đích: Kết 3 cược C4; chốt hướng ghép nhóm đi chung (tính năng / dịch vụ thủ công / đỗ lại); rà rủi ro của quý đã có ti"&"ền thật │ 📋 Output: Biên bản kết C4 · ADR ghép nhóm · Business.md 0.5 · sổ rủi ro Q3 · 3–4 thẻ cược C5 │ 📝 Ghi chú: Quý đầu tiên có doanh thu thật — rủi ro tài chính và pháp lý"&" đổi tính chất │ ⏳ Trạng thái: Chưa bắt đầu" -> 🎯 MỐC REVIEW CHU KỲ 4 (R4): Kết chu kỳ 4 & kết luận people connection │ 📅 Thời gian: 01/03/2027 – 25/04/2027 (T25–T32) │ 👤 PIC: ALL (VH trình phần đi chung) │ 🎯 Mục đích: Kết 3 cược C4; chốt hướng ghép nhóm đi chung (tính năng / dịch vụ thủ công / đỗ lại); rà rủi ro của quý đã có tiền thật │ 📋 Output: Biên bản kết C4 · ADR ghép nhóm · Business.md 0.5 · sổ rủi ro Q3 · 3–4 thẻ cược C5 │ 📝 Ghi chú: Quý đầu tiên có doanh thu thật — rủi ro tài chính và pháp lý đổi tính chất │ ⏳ Trạng thái: Chưa bắt đầu
A46: 33 | B46: QUÝ 3 — GIAI ĐOẠN 3: LAN TRUYỀN & CHUẨN BỊ DOANH THU | C46: 3.9 Giao lô 1 · Kê khai thuế quý đầu · Rà Luật TMĐT | D46: [Tuần 33] Giao hộ chiếu in · Kê khai thuế kỳ đầu · Rà Luật Thương mại điện tử · Nội dung mở hộp | E46: Hàng đến tay khách; nghĩa vụ thuế kỳ đầu hoàn thành; biết nghĩa vụ TMĐT. | F46: VH · ĐP · TT | G46: =NGAY_BAT_DAU+224 -> 46503 | H46: =NGAY_BAT_DAU+230 -> 46509 | I46: =IF(COUNTIF('C5_T33-40'!$I$6:$I$9,"Xong")+COUNTIF('C5_T33-40'!$I$6:$I$9,"Cắt")=4,"Xong",IF(COUNTIF('C5_T33-40'!$I$6:$I$9,"Chưa bắt đầu")=4,"Chưa bắt đầu","Đang làm")) -> Chưa bắt đầu | J46: Bảng đơn hoàn tất (ngày giao · phản hồi · ảnh) · tờ khai + biên nhận · ghi chú pháp lý TMĐT · nội dung mở hộp
A47: 34 | C47: 3.10 Mạng nguyên tử thứ 2 | D47: [Tuần 34] Chiến dịch trường 2 · 3 đối tác tỉnh 2 lên app · Mời bạn trong app — đo K · Bảng số tách 2 mạng | E47: Chứng minh cách khởi động lặp lại được ở trường/tỉnh thứ hai. | F47: TT · VH · SP · ĐP | G47: =NGAY_BAT_DAU+231 -> 46510 | H47: =NGAY_BAT_DAU+237 -> 46516 | I47: =IF(COUNTIF('C5_T33-40'!$I$11:$I$14,"Xong")+COUNTIF('C5_T33-40'!$I$11:$I$14,"Cắt")=4,"Xong",IF(COUNTIF('C5_T33-40'!$I$11:$I$14,"Chưa bắt đầu")=4,"Chưa bắt đầu","Đang làm")) -> Chưa bắt đầu | J47: Bảng tiến độ theo ngày trường 2 (30/60/100 người) · 3 đối tác tỉnh 2 hoạt động · cột K · bảng số tách 2 mạng
A48: 35 | C48: 3.11 Creator 10–20 · Kế hoạch hè · Hồ sơ cuộc thi | D48: [Tuần 35] Creator đợt 2 (10–20 người) · Kế hoạch mùa hè · Dòng tiền v4 · Hồ sơ cuộc thi (nháp) | E48: Mở rộng creator có hợp đồng; kế hoạch mùa cao điểm; biết lịch cuộc thi. | F48: TT · VH · ĐP · TN | G48: =NGAY_BAT_DAU+238 -> 46517 | H48: =NGAY_BAT_DAU+244 -> 46523 | I48: =IF(COUNTIF('C5_T33-40'!$I$16:$I$19,"Xong")+COUNTIF('C5_T33-40'!$I$16:$I$19,"Cắt")=4,"Xong",IF(COUNTIF('C5_T33-40'!$I$16:$I$19,"Chưa bắt đầu")=4,"Chưa bắt đầu","Đang làm")) -> Chưa bắt đầu | J48: Hợp đồng creator mẫu + số người ký · kế hoạch hè 2 trang · dòng tiền v4 · bảng 3–5 cuộc thi + hồ sơ nháp
A49: 36 | C49: 3.12 CỔNG QUÝ 3 | D49: [Tuần 36] Họp cổng 2 giờ · Cập nhật Phụ lục E · so sánh đối thủ | E49: Kiểm tiêu chí 3→4; dồn lực Q4 vào một kênh và một dòng thu. | F49: ALL | G49: =NGAY_BAT_DAU+245 -> 46524 | H49: =NGAY_BAT_DAU+251 -> 46530 | I49: =IF(COUNTIF('C5_T33-40'!$I$21:$I$22,"Xong")+COUNTIF('C5_T33-40'!$I$21:$I$22,"Cắt")=2,"Xong",IF(COUNTIF('C5_T33-40'!$I$21:$I$22,"Chưa bắt đầu")=2,"Chưa bắt đầu","Đang làm")) -> Chưa bắt đầu | J49: Biên bản cổng Q3 · Rocks Q4 (một kênh, một dòng thu) · Phụ lục E cập nhật · so sánh đối thủ cập nhật
A50: ="🚩 CỔNG QUÝ 3 (G3): Giai đoạn 3 LAN TRUYỀN → Giai đoạn 4 DOANH THU │ 📅 Thời gian: "&TEXT(NGAY_BAT_DAU+245,"dd/mm/yyyy")&" – "&TEXT(NGAY_BAT_DAU+251,"dd/mm/yyyy")&" (T36–T36) │ 👤 PIC: ALL │ 🎯 Mục đích: Kiểm K và doanh thu; dồn toàn bộ Q4 vào MỘT kênh và MỘT dòng thu chính │ 📋 Output: Tiêu chí: K đo được và tăng qua 3 chu kỳ (C3→C5) · d"&"oanh thu > 0 từ ≥ 2 dòng · LTV/CAC ước tính · pháp nhân + kế toán + hồ sơ MXH chạy ổn → Biên bản cổng + Rocks Q4 │ 📝 Ghi chú: Cổng này rơi vào giữa chu kỳ 5 — chu kỳ không dừng v"&"ì cổng │ ⏳ Trạng thái: Chưa bắt đầu" -> 🚩 CỔNG QUÝ 3 (G3): Giai đoạn 3 LAN TRUYỀN → Giai đoạn 4 DOANH THU │ 📅 Thời gian: 17/05/2027 – 23/05/2027 (T36–T36) │ 👤 PIC: ALL │ 🎯 Mục đích: Kiểm K và doanh thu; dồn toàn bộ Q4 vào MỘT kênh và MỘT dòng thu chính │ 📋 Output: Tiêu chí: K đo được và tăng qua 3 chu kỳ (C3→C5) · doanh thu > 0 từ ≥ 2 dòng · LTV/CAC ước tính · pháp nhân + kế toán + hồ sơ MXH chạy ổn → Biên bản cổng + Rocks Q4 │ 📝 Ghi chú: Cổng này rơi vào giữa chu kỳ 5 — chu kỳ không dừng vì cổng │ ⏳ Trạng thái: Chưa bắt đầu
A51: 37 | B51: QUÝ 4 — GIAI ĐOẠN 4: DOANH THU | C51: 4.1 Hài lòng người mua · Duy trì (kỳ thi) | D51: [Tuần 37] Khảo sát người mua · Duy trì nội dung · Bảng số | E51: Biết người trả tiền nghĩ gì; giữ nhịp tối thiểu trong kỳ thi. | F51: VH · TT · ĐP | G51: =NGAY_BAT_DAU+252 -> 46531 | H51: =NGAY_BAT_DAU+258 -> 46537 | I51: =IF(COUNTIF('C5_T33-40'!$I$24:$I$26,"Xong")+COUNTIF('C5_T33-40'!$I$24:$I$26,"Cắt")=3,"Xong",IF(COUNTIF('C5_T33-40'!$I$24:$I$26,"Chưa bắt đầu")=3,"Chưa bắt đầu","Đang làm")) -> Chưa bắt đầu | J51: Kết quả khảo sát người mua · 5 ghi chú gọi người điểm thấp · bảng số
A52: 38 | C52: 4.2 Kết chu kỳ 5 | D52: [Tuần 38] Kết cược C5 · Quyết định lô 2 · Sửa lỗi | E52: Kết 4 cược; quyết định lô in 2. | F52: ALL · TN · SP | G52: =NGAY_BAT_DAU+259 -> 46538 | H52: =NGAY_BAT_DAU+265 -> 46544 | I52: =IF(COUNTIF('C5_T33-40'!$I$28:$I$30,"Xong")+COUNTIF('C5_T33-40'!$I$28:$I$30,"Cắt")=3,"Xong",IF(COUNTIF('C5_T33-40'!$I$28:$I$30,"Chưa bắt đầu")=3,"Chưa bắt đầu","Đang làm")) -> Chưa bắt đầu | J52: Biên bản kết C5 · ADR lô 2
A53: 39 | C53: 4.3 NGUỘI · Business.md 0.6 · Rà pháp lý | D53: [Tuần 39] Business.md 0.6 · Rà pháp lý · Sổ rủi ro | E53: Tài liệu cập nhật; biết còn cách ngưỡng giấy phép bao xa. | F53: TN · ĐP | G53: =NGAY_BAT_DAU+266 -> 46545 | H53: =NGAY_BAT_DAU+272 -> 46551 | I53: =IF(COUNTIF('C5_T33-40'!$I$32:$I$34,"Xong")+COUNTIF('C5_T33-40'!$I$32:$I$34,"Cắt")=3,"Xong",IF(COUNTIF('C5_T33-40'!$I$32:$I$34,"Chưa bắt đầu")=3,"Chưa bắt đầu","Đang làm")) -> Chưa bắt đầu | J53: Business.md 0.6 · ghi chú pháp lý có hạn · sổ rủi ro cập nhật
A54: 40 | C54: 4.4 NGUỘI · Bàn cược C6 (mùa hè) · Dàn deck | D54: [Tuần 40] Bàn cược C6 (T41–T46) · Dàn deck · Lịch hè của nhóm | E54: Ba cược cho chu kỳ nặng nhất năm; dàn deck; lịch hè của nhóm. | F54: ALL · TN · ĐP | G54: =NGAY_BAT_DAU+273 -> 46552 | H54: =NGAY_BAT_DAU+279 -> 46558 | I54: =IF(COUNTIF('C5_T33-40'!$I$36:$I$38,"Xong")+COUNTIF('C5_T33-40'!$I$36:$I$38,"Cắt")=3,"Xong",IF(COUNTIF('C5_T33-40'!$I$36:$I$38,"Chưa bắt đầu")=3,"Chưa bắt đầu","Đang làm")) -> Chưa bắt đầu | J54: 3 thẻ cược C6 · dàn deck 10 slide · lịch hè của nhóm
A55: ="🎯 MỐC REVIEW CHU KỲ 5 (R5): Kết chu kỳ 5 & chuẩn bị mùa hè │ 📅 Thời gian: "&TEXT(NGAY_BAT_DAU+224,"dd/mm/yyyy")&" – "&TEXT(NGAY_BAT_DAU+279,"dd/mm/yyyy")&" (T33–T40) │ 👤 PIC: ALL │ 🎯 Mục đích: Kết 4 cược C5 (mạng nguyên tử 2, lô in 1, creator, mời bạn); quyết định lô 2; bàn cược mùa hè │ 📋 Output: Biên bản kết C5 · ADR lô 2 · "&"Business.md 0.6 · ghi chú rà pháp lý · 3 thẻ cược C6 · dàn deck 10 slide │ 📝 Ghi chú: T37–T40 trùng kỳ thi học kỳ 2 — tải nhẹ │ ⏳ Trạng thái: Chưa bắt đầu" -> 🎯 MỐC REVIEW CHU KỲ 5 (R5): Kết chu kỳ 5 & chuẩn bị mùa hè │ 📅 Thời gian: 26/04/2027 – 20/06/2027 (T33–T40) │ 👤 PIC: ALL │ 🎯 Mục đích: Kết 4 cược C5 (mạng nguyên tử 2, lô in 1, creator, mời bạn); quyết định lô 2; bàn cược mùa hè │ 📋 Output: Biên bản kết C5 · ADR lô 2 · Business.md 0.6 · ghi chú rà pháp lý · 3 thẻ cược C6 · dàn deck 10 slide │ 📝 Ghi chú: T37–T40 trùng kỳ thi học kỳ 2 — tải nhẹ │ ⏳ Trạng thái: Chưa bắt đầu
A56: 41 | B56: QUÝ 4 — GIAI ĐOẠN 4: DOANH THU | C56: 4.5 Chiến dịch hè · Deck 10 slide · Bảo hiểm | D56: [Tuần 41] Deck 10 slide · 10 đầu mối B2B · Chiến dịch hè bắt đầu · Đối tác tỉnh 3 · Bảo hiểm — hỏi 2 hãng | E56: Mùa cao điểm bắt đầu; có deck để chào B2B; biết mô hình hợp tác bảo hiểm. | F56: TN · VH · TT · ĐP | G56: =NGAY_BAT_DAU+280 -> 46559 | H56: =NGAY_BAT_DAU+286 -> 46565 | I56: =IF(COUNTIF('C6_T41-48'!$I$6:$I$10,"Xong")+COUNTIF('C6_T41-48'!$I$6:$I$10,"Cắt")=5,"Xong",IF(COUNTIF('C6_T41-48'!$I$6:$I$10,"Chưa bắt đầu")=5,"Chưa bắt đầu","Đang làm")) -> Chưa bắt đầu | J56: Deck PDF · bảng 10 đầu mối B2B (5 đã gửi) · bảng số hè theo ngày · đối tác tỉnh 3 · bảng 2 hãng bảo hiểm + ghi chú luật
A57: 42 | C57: 4.6 Gặp 3 đầu mối B2B · Đo hè tuần 2 | D57: [Tuần 42] 3 cuộc gặp B2B · Đo hè tuần 2 · Creator đăng bài | E57: Biết B2B đo thành công bằng gì và ai quyết. | F57: TN · VH · TT · ĐP | G57: =NGAY_BAT_DAU+287 -> 46566 | H57: =NGAY_BAT_DAU+293 -> 46572 | I57: =IF(COUNTIF('C6_T41-48'!$I$12:$I$14,"Xong")+COUNTIF('C6_T41-48'!$I$12:$I$14,"Cắt")=3,"Xong",IF(COUNTIF('C6_T41-48'!$I$12:$I$14,"Chưa bắt đầu")=3,"Chưa bắt đầu","Đang làm")) -> Chưa bắt đầu | J57: 3 ghi chú cuộc gặp + bước kế tiếp · số hè tuần 2
A58: 43 | C58: 4.7 Tối ưu chuyển đổi dòng thu chính · Lô in 2 | D58: [Tuần 43] A/B thông điệp «lợi ích > tiền» · Lô in 2 · Chiến dịch hè tuần 3 | E58: Thử thông điệp «lợi ích > tiền»; lô 2 vào xưởng. | F58: TT · SP · VH | G58: =NGAY_BAT_DAU+294 -> 46573 | H58: =NGAY_BAT_DAU+300 -> 46579 | I58: =IF(COUNTIF('C6_T41-48'!$I$16:$I$18,"Xong")+COUNTIF('C6_T41-48'!$I$16:$I$18,"Cắt")=3,"Xong",IF(COUNTIF('C6_T41-48'!$I$16:$I$18,"Chưa bắt đầu")=3,"Chưa bắt đầu","Đang làm")) -> Chưa bắt đầu | J58: Thiết lập A/B + số nền · đơn in lô 2
A59: 44 | C59: 4.8 Chăm sóc khách hàng chính thức hoá · An toàn mùa hè | D59: [Tuần 44] Quy trình hỗ trợ khách hàng · Rà sự cố mùa hè · Chiến dịch hè tuần 4 | E59: Chuyển từ trả lời tay sang quy trình; nội dung an toàn cập nhật theo mùa. | F59: VH · ĐP · TT | G59: =NGAY_BAT_DAU+301 -> 46580 | H59: =NGAY_BAT_DAU+307 -> 46586 | I59: =IF(COUNTIF('C6_T41-48'!$I$20:$I$22,"Xong")+COUNTIF('C6_T41-48'!$I$20:$I$22,"Cắt")=3,"Xong",IF(COUNTIF('C6_T41-48'!$I$20:$I$22,"Chưa bắt đầu")=3,"Chưa bắt đầu","Đang làm")) -> Chưa bắt đầu | J59: Tệp quy trình hỗ trợ · FAQ 20 câu công khai trên trang tĩnh · bảng ngoại lệ cập nhật mùa hè
A60: 45 | C60: 4.9 B2B hợp đồng thử · Thuế quý · Dòng tiền v5 | D60: [Tuần 45] Đề xuất B2B · Thuế quý · Dòng tiền v5 | E60: Có đề xuất B2B trên bàn; nghĩa vụ thuế đúng hạn; biết LTV/CAC. | F60: TN · ĐP | G60: =NGAY_BAT_DAU+308 -> 46587 | H60: =NGAY_BAT_DAU+314 -> 46593 | I60: =IF(COUNTIF('C6_T41-48'!$I$24:$I$26,"Xong")+COUNTIF('C6_T41-48'!$I$24:$I$26,"Cắt")=3,"Xong",IF(COUNTIF('C6_T41-48'!$I$24:$I$26,"Chưa bắt đầu")=3,"Chưa bắt đầu","Đang làm")) -> Chưa bắt đầu | J60: Đề xuất hoặc hợp đồng B2B · tờ khai thuế quý · sheet dòng tiền v5 + 1 trang đọc kết quả
A61: 46 | C61: 4.10 Kết chu kỳ 6 | D61: [Tuần 46] Kết cược C6 · Bài học hè | E61: Kết 3 cược mùa hè; rút bài học cho hè năm sau. | F61: ALL · TT · VH | G61: =NGAY_BAT_DAU+315 -> 46594 | H61: =NGAY_BAT_DAU+321 -> 46600 | I61: =IF(COUNTIF('C6_T41-48'!$I$28:$I$29,"Xong")+COUNTIF('C6_T41-48'!$I$28:$I$29,"Cắt")=2,"Xong",IF(COUNTIF('C6_T41-48'!$I$28:$I$29,"Chưa bắt đầu")=2,"Chưa bắt đầu","Đang làm")) -> Chưa bắt đầu | J61: Biên bản kết C6 (hè, B2B, dòng thu chính, LTV/CAC theo kênh) · 1 trang bài học hè
A62: ="🎯 MỐC REVIEW CHU KỲ 6 (R6): Kết chu kỳ 6 — mùa hè & B2B │ 📅 Thời gian: "&TEXT(NGAY_BAT_DAU+280,"dd/mm/yyyy")&" – "&TEXT(NGAY_BAT_DAU+321,"dd/mm/yyyy")&" (T41–T46) │ 👤 PIC: ALL │ 🎯 Mục đích: Kết 3 cược mùa hè: người hoạt động ×2, B2B, tối ưu dòng thu chính; đo LTV/CAC theo kênh │ 📋 Output: Biên bản kết C6 · 1 trang bài học h"&"è · LTV/CAC theo kênh · quy trình chăm sóc khách hàng + FAQ 20 câu │ 📝 Ghi chú: Chu kỳ nặng nhất năm — nghỉ hè trùng mùa cao điểm du lịch nội địa │ ⏳ Trạng thái: Chưa bắt đầu" -> 🎯 MỐC REVIEW CHU KỲ 6 (R6): Kết chu kỳ 6 — mùa hè & B2B │ 📅 Thời gian: 21/06/2027 – 01/08/2027 (T41–T46) │ 👤 PIC: ALL │ 🎯 Mục đích: Kết 3 cược mùa hè: người hoạt động ×2, B2B, tối ưu dòng thu chính; đo LTV/CAC theo kênh │ 📋 Output: Biên bản kết C6 · 1 trang bài học hè · LTV/CAC theo kênh · quy trình chăm sóc khách hàng + FAQ 20 câu │ 📝 Ghi chú: Chu kỳ nặng nhất năm — nghỉ hè trùng mùa cao điểm du lịch nội địa │ ⏳ Trạng thái: Chưa bắt đầu
A63: 47 | B63: QUÝ 4 — GIAI ĐOẠN 4: DOANH THU | C63: 4.11 NGUỘI · Business.md 0.7 · Rủi ro · Pháp lý | D63: [Tuần 47] Business.md 0.7 · Sổ rủi ro · giấy phép MXH · hồ sơ dữ liệu · Bảng tiêu chí cổng Q4 | E63: Tài liệu và hồ sơ sẵn sàng cho cổng quý 4. | F63: TN · ĐP | G63: =NGAY_BAT_DAU+322 -> 46601 | H63: =NGAY_BAT_DAU+328 -> 46607 | I63: =IF(COUNTIF('C6_T41-48'!$I$31:$I$33,"Xong")+COUNTIF('C6_T41-48'!$I$31:$I$33,"Cắt")=3,"Xong",IF(COUNTIF('C6_T41-48'!$I$31:$I$33,"Chưa bắt đầu")=3,"Chưa bắt đầu","Đang làm")) -> Chưa bắt đầu | J63: Business.md 0.7 · ghi chú trạng thái giấy phép MXH và hồ sơ dữ liệu · bảng tiêu chí cổng Q4 có số sẵn
A64: 48 | C64: 4.12 CỔNG QUÝ 4 — gọi vốn / thi / tự nuôi / dừng | D64: [Tuần 48] Họp cổng 2 giờ | E64: Quyết định hướng đi năm 2 bằng tiêu chí đã viết trước. | F64: ALL | G64: =NGAY_BAT_DAU+329 -> 46608 | H64: =NGAY_BAT_DAU+335 -> 46614 | I64: =IF(COUNTIF('C6_T41-48'!$I$35:$I$35,"Xong")+COUNTIF('C6_T41-48'!$I$35:$I$35,"Cắt")=1,"Xong",IF(COUNTIF('C6_T41-48'!$I$35:$I$35,"Chưa bắt đầu")=1,"Chưa bắt đầu","Đang làm")) -> Chưa bắt đầu | J64: Biên bản cổng Q4 + ADR hướng năm 2 + Rocks «quý 5»
A65: ="🚩 CỔNG QUÝ 4 (G4): Quyết định hướng đi năm 2 │ 📅 Thời gian: "&TEXT(NGAY_BAT_DAU+329,"dd/mm/yyyy")&" – "&TEXT(NGAY_BAT_DAU+335,"dd/mm/yyyy")&" (T48–T48) │ 👤 PIC: ALL │ 🎯 Mục đích: Chọn một trong bốn lối: gọi vốn · dự thi · tự nuôi (bootstrapping) · dừng và bàn giao tài sản │ 📋 Output: Tiêu chí: LTV ≥ 3 × CAC trên "&"≥ 1 kênh · doanh thu tháng ≥ chi phí hạ tầng + kế toán · ≥ 2 mạng nguyên tử sống → Biên bản cổng + ADR năm 2 + Rocks «quý 5» │ 📝 Ghi chú: Business.md 0.7 và bảng tiêu chí phải sẵ"&"n SỐ từ T47, không tính trong buổi họp │ ⏳ Trạng thái: Chưa bắt đầu" -> 🚩 CỔNG QUÝ 4 (G4): Quyết định hướng đi năm 2 │ 📅 Thời gian: 09/08/2027 – 15/08/2027 (T48–T48) │ 👤 PIC: ALL │ 🎯 Mục đích: Chọn một trong bốn lối: gọi vốn · dự thi · tự nuôi (bootstrapping) · dừng và bàn giao tài sản │ 📋 Output: Tiêu chí: LTV ≥ 3 × CAC trên ≥ 1 kênh · doanh thu tháng ≥ chi phí hạ tầng + kế toán · ≥ 2 mạng nguyên tử sống → Biên bản cổng + ADR năm 2 + Rocks «quý 5» │ 📝 Ghi chú: Business.md 0.7 và bảng tiêu chí phải sẵn SỐ từ T47, không tính trong buổi họp │ ⏳ Trạng thái: Chưa bắt đầu
A66: 49 | B66: TỔNG KẾT NĂM 1 → GIAI ĐOẠN 5: MỞ RỘNG | C66: 5.1 Hồ sơ cuộc thi / gọi vốn hoặc kế hoạch tự nuôi · Kiểm kê tài sản | D66: [Tuần 49] Theo ADR T48 · Kiểm kê tài sản tổ chức | E66: Chuẩn bị theo ADR T48; biết tổ chức đang sở hữu những gì. | F66: TN · ĐP | G66: =NGAY_BAT_DAU+336 -> 46615 | H66: =NGAY_BAT_DAU+342 -> 46621 | I66: =IF(COUNTIF('C7_T49-52'!$I$6:$I$7,"Xong")+COUNTIF('C7_T49-52'!$I$6:$I$7,"Cắt")=2,"Xong",IF(COUNTIF('C7_T49-52'!$I$6:$I$7,"Chưa bắt đầu")=2,"Chưa bắt đầu","Đang làm")) -> Chưa bắt đầu | J66: Hồ sơ gọi vốn/cuộc thi hoặc sheet dòng tiền v6 · bảng kiểm kê tài sản có số
A67: 50 | C67: 5.2 Tổng kết năm 1 · Phỏng vấn 10 người dùng lâu nhất | D67: [Tuần 50] 6 trang tổng kết L1–L6 · Phỏng vấn 10 người dùng lâu nhất | E67: Rút bài học theo 6 lớp; nghe người ở lại lâu nhất. | F67: ALL · TT | G67: =NGAY_BAT_DAU+343 -> 46622 | H67: =NGAY_BAT_DAU+349 -> 46628 | I67: =IF(COUNTIF('C7_T49-52'!$I$9:$I$10,"Xong")+COUNTIF('C7_T49-52'!$I$9:$I$10,"Cắt")=2,"Xong",IF(COUNTIF('C7_T49-52'!$I$9:$I$10,"Chưa bắt đầu")=2,"Chưa bắt đầu","Đang làm")) -> Chưa bắt đầu | J67: 6 trang tổng kết L1–L6 · 10 tệp phỏng vấn người dùng lâu nhất
A68: 51 | C68: 5.3 Business.md 1.0 · Kế hoạch năm 2 | D68: [Tuần 51] Business.md 1.0 · Kế hoạch giai đoạn 5 (năm 2) | E68: Viết lại tài liệu nền từ bằng chứng; vạch giai đoạn 5. | F68: TN · ALL | G68: =NGAY_BAT_DAU+350 -> 46629 | H68: =NGAY_BAT_DAU+356 -> 46635 | I68: =IF(COUNTIF('C7_T49-52'!$I$12:$I$13,"Xong")+COUNTIF('C7_T49-52'!$I$12:$I$13,"Cắt")=2,"Xong",IF(COUNTIF('C7_T49-52'!$I$12:$I$13,"Chưa bắt đầu")=2,"Chưa bắt đầu","Đang làm")) -> Chưa bắt đầu | J68: Business.md 1.0 (mục 2 không còn giả thuyết) · kế hoạch năm 2
A69: 52 | C69: 5.4 Họp tổng kết · Quyết định năm 2 · Nghỉ | D69: [Tuần 52] Họp tổng kết | E69: Đóng năm 1. | F69: ALL | G69: =NGAY_BAT_DAU+357 -> 46636 | H69: =NGAY_BAT_DAU+363 -> 46642 | I69: =IF(COUNTIF('C7_T49-52'!$I$15:$I$15,"Xong")+COUNTIF('C7_T49-52'!$I$15:$I$15,"Cắt")=1,"Xong",IF(COUNTIF('C7_T49-52'!$I$15:$I$15,"Chưa bắt đầu")=1,"Chưa bắt đầu","Đang làm")) -> Chưa bắt đầu | J69: Biên bản họp tổng kết năm 1
A70: ="🎯 TỔNG KẾT NĂM 1 (R7): Kiểm kê tài sản & kế hoạch năm 2 │ 📅 Thời gian: "&TEXT(NGAY_BAT_DAU+336,"dd/mm/yyyy")&" – "&TEXT(NGAY_BAT_DAU+363,"dd/mm/yyyy")&" (T49–T52) │ 👤 PIC: ALL │ 🎯 Mục đích: Kết lại 12 tháng bằng bằng chứng, không bằng trí nhớ; chuẩn bị giai đoạn 5 Mở rộng │ 📋 Output: Bảng kiểm kê tài sản · 6 trang tổng kết "&"L1–L6 · 10 tệp phỏng vấn người dùng lâu nhất · Business.md 1.0 · kế hoạch năm 2 │ 📝 Ghi chú: Sau T52 nghỉ 1 tuần trước khi vào năm 2 │ ⏳ Trạng thái: Chưa bắt đầu" -> 🎯 TỔNG KẾT NĂM 1 (R7): Kiểm kê tài sản & kế hoạch năm 2 │ 📅 Thời gian: 16/08/2027 – 12/09/2027 (T49–T52) │ 👤 PIC: ALL │ 🎯 Mục đích: Kết lại 12 tháng bằng bằng chứng, không bằng trí nhớ; chuẩn bị giai đoạn 5 Mở rộng │ 📋 Output: Bảng kiểm kê tài sản · 6 trang tổng kết L1–L6 · 10 tệp phỏng vấn người dùng lâu nhất · Business.md 1.0 · kế hoạch năm 2 │ 📝 Ghi chú: Sau T52 nghỉ 1 tuần trước khi vào năm 2 │ ⏳ Trạng thái: Chưa bắt đầu

Sheet C1_T01-08
A1: C1 · CHU KỲ 1 — Khám phá khách hàng
A2: ="Tuần 01 – 08 │ "&TEXT(NGAY_BAT_DAU+0,"dd/mm/yyyy")&" → "&TEXT(NGAY_BAT_DAU+55,"dd/mm/yyyy")&" │ 6 tuần làm (T1–T6) + 2 tuần nguội (T7–T8) │ QUÝ 1 — GIAI ĐOẠN 1: THẤU CẢM" -> Tuần 01 – 08 │ 14/09/2026 → 08/11/2026 │ 6 tuần làm (T1–T6) + 2 tuần nguội (T7–T8) │ QUÝ 1 — GIAI ĐOẠN 1: THẤU CẢM
A4: STT | B4: Giai đoạn / Phase | C4: Đầu mục / Task | D4: Phân việc chi tiết / Subtask | E4: Mục đích / Purpose | F4: Ghế / PIC | G4: Ngày bắt đầu Start Date | H4: Ngày kết thúc End Date | I4: Trạng thái / Status | J4: Tiêu chí hoàn thành / Output | K4: Ghi chú / Note
A5: ="📅 TUẦN 01 · "&TEXT(NGAY_BAT_DAU+0,"dd/mm/yyyy")&" – "&TEXT(NGAY_BAT_DAU+6,"dd/mm/yyyy")&" — Khởi động dự án (M1) — chốt cách làm việc │ 🎯 Mục tiêu: Ra khỏi tuần với 9 quyết định, ghế có tên, lịch họp đã gửi, và đủ vật liệu để phỏng vấn từ tuần 2. │ 💡 Cuối tuần bi"&"ết được: Một câu «kinh doanh gì» cả nhóm nói giống nhau; 5 người thật là khách đầu tiên; ai cầm ghế nào với bao nhiêu giờ; 30–40 người sẽ được hỏi bằng kịch bản nào." -> 📅 TUẦN 01 · 14/09/2026 – 20/09/2026 — Khởi động dự án (M1) — chốt cách làm việc │ 🎯 Mục tiêu: Ra khỏi tuần với 9 quyết định, ghế có tên, lịch họp đã gửi, và đủ vật liệu để phỏng vấn từ tuần 2. │ 💡 Cuối tuần biết được: Một câu «kinh doanh gì» cả nhóm nói giống nhau; 5 người thật là khách đầu tiên; ai cầm ghế nào với bao nhiêu giờ; 30–40 người sẽ được hỏi bằng kịch bản nào.
A6: 1 | B6: QUÝ 1 — GIAI ĐOẠN 1: THẤU CẢM | C6: T01.1 Tầm nhìn v0 | D6: Đọc 4 câu trả lời riêng của từng người (bài tập trước họp). Chọn một câu «Levart kinh doanh gì» và một câu «khách đầu tiên». Chép câu của nhóm vào Phụ lục E. Ký tên, ghi ngày. Giới hạn 20 phút. | F6: TN | G6: =NGAY_BAT_DAU+0 -> 46279 | H6: =NGAY_BAT_DAU+6 -> 46285 | I6: Chưa bắt đầu | J6: Một trang tầm nhìn v0 có ngày, có tên người ký
A7: 2 | C7: T01.2 Phân loại du lịch (nháp) | D7: Liệt kê 6–8 loại theo cách người trẻ tự gọi: nghỉ dưỡng, khám phá văn hoá–ẩm thực, trekking/mạo hiểm, check-in/chụp ảnh, chữa lành, lễ hội, phượt xe máy, công tác kết hợp. Đánh dấu rõ: dùng để HỎI, chưa chốt. | F7: TN | G7: =NGAY_BAT_DAU+0 -> 46279 | H7: =NGAY_BAT_DAU+6 -> 46285 | I7: Chưa bắt đầu | J7: docs/01_khach-hang/phan-loai-v0.md
A8: 3 | C8: T01.3 Xác định vấn đề (giả thuyết) | D8: Mỗi người viết 2 nỗi đau dạng «Khi ___, tôi muốn ___, nhưng ___». Gom, bỏ trùng, giữ 3–4. Ghi rõ đây là giả thuyết sẽ kiểm ở T3–T6. | F8: ALL | G8: =NGAY_BAT_DAU+0 -> 46279 | H8: =NGAY_BAT_DAU+6 -> 46285 | I8: Chưa bắt đầu | J8: docs/01_khach-hang/noi-dau-gia-thuyet.md
A9: 4 | C9: T01.4 Tập khách hàng target (dự kiến) | D9: Một câu mô tả đầu cầu (đề xuất: 18–25 tuổi, Hà Nội, đi tự túc ≥ 1 lần/12 tháng). Kiểm bằng cách chỉ ra 5 người THẬT khớp mô tả trong danh sách 30–40 tên. | F9: TT | G9: =NGAY_BAT_DAU+0 -> 46279 | H9: =NGAY_BAT_DAU+6 -> 46285 | I9: Chưa bắt đầu | J9: Câu mô tả + 5 tên thật trong tệp persona v0
A10: 5 | C10: T01.5 Vai trò từng thành viên | D10: Điền BẢNG GIỜ trước, BẢNG GHẾ sau. Ghế ĐP giao người có giờ ổn định nhất. Tổng giờ < 12/tuần thì chu kỳ 1 chỉ giữ 2 cược thay vì 3. | F10: ĐP | G10: =NGAY_BAT_DAU+0 -> 46279 | H10: =NGAY_BAT_DAU+6 -> 46285 | I10: Chưa bắt đầu | J10: Bảng ghế + bảng giờ có tên, lưu docs/05_phap-ly-tai-chinh/
A11: 6 | C11: T01.6 Kịch bản phỏng vấn v0 | D11: Lấy Phụ lục A Business.md; đối chiếu 6 nhóm câu hỏi của nhóm + 2 nhóm bổ sung (tiền đã chi, giữ gì sau chuyến đi). Mỗi nhóm ≥ 1 câu hỏi về CHUYẾN GẦN NHẤT, không hỏi chung chung. | F11: TT | G11: =NGAY_BAT_DAU+0 -> 46279 | H11: =NGAY_BAT_DAU+6 -> 46285 | I11: Chưa bắt đầu | J11: docs/01_khach-hang/kich-ban-v0.md
A12: 7 | C12: T01.7 Danh sách phỏng vấn | D12: Gộp 10 tên/người đã nộp trước họp thành một bảng: tên · tuổi · học/làm · đã đi tự túc? · quan hệ · ai hẹn. Đánh dấu ai đúng đầu cầu, loại ai không. | F12: ALL | G12: =NGAY_BAT_DAU+0 -> 46279 | H12: =NGAY_BAT_DAU+6 -> 46285 | I12: Chưa bắt đầu | J12: Bảng 30–40 dòng; cần ≥ 30 người đúng đầu cầu
A13: 8 | C13: T01.8 MVP — sơ đồ luồng sử dụng app (as-is) | D13: Vẽ 1 trang luồng HIỆN CÓ: mở app → đăng nhập/khách → xem bảng tin → lập lịch trình → check-in đóng dấu → chia sẻ. Ghi ở mỗi bước: đã có / chưa có / hỏng. Không xây gì. | F13: SP | G13: =NGAY_BAT_DAU+0 -> 46279 | H13: =NGAY_BAT_DAU+6 -> 46285 | I13: Chưa bắt đầu | J13: docs/02_thi-nghiem/luong-as-is.md (1 trang)
A14: 9 | C14: T01.9 Lịch họp tuần, thư mục docs/, bãi đỗ ý tưởng | D14: Gửi lời mời lịch trong 10 phút cuối họp. Tạo cây docs/ theo Business.md 8.4; chép Phụ lục B–F thành tệp mẫu; tạo 07_bai-do/bai-do.md và ghi ngay các ý đã nêu trong họp. | F14: ĐP | G14: =NGAY_BAT_DAU+0 -> 46279 | H14: =NGAY_BAT_DAU+6 -> 46285 | I14: Chưa bắt đầu | J14: Lịch đã gửi · thư mục có 5 mẫu · bãi đỗ ≥ 5 dòng
A15: 10 | C15: T01.10 Danh sách 12 người thử nghiệm kín | D15: Chọn 12 người từ danh sách phỏng vấn, đồng ý cài bản thử và giữ liên tục 14 ngày; ghi email Google của họ. (Yêu cầu bắt buộc của Google Play với tài khoản cá nhân.) | F15: SP | G15: =NGAY_BAT_DAU+0 -> 46279 | H15: =NGAY_BAT_DAU+6 -> 46285 | I15: Chưa bắt đầu | J15: Bảng 12 tên + email Google
A16: 11 | C16: T01.11 Biên bản M1 | D16: Ghi trực tiếp trong họp theo next meeting propose.md phần 7 — 9 quyết định, mỗi quyết định một dấu tick. | F16: ĐP | G16: =NGAY_BAT_DAU+0 -> 46279 | H16: =NGAY_BAT_DAU+6 -> 46285 | I16: Chưa bắt đầu | J16: docs/06_hop/2026-09-1x-M1.md
A17: ="📅 TUẦN 02 · "&TEXT(NGAY_BAT_DAU+7,"dd/mm/yyyy")&" – "&TEXT(NGAY_BAT_DAU+13,"dd/mm/yyyy")&" — Phỏng vấn thử · Số liệu thị trường · Đối thủ │ 🎯 Mục tiêu: Kịch bản chạy được trên người thật; thị trường có số có nguồn; đối thủ có ảnh chụp; tỉnh mục tiêu được chốt. │ 💡"&" Cuối tuần biết được: Kịch bản v1 dùng được; đối thủ đang làm tốt gì và trống ở đâu; cỡ thị trường theo số có nguồn (hoặc biết chính xác còn thiếu biến nào); tỉnh mục tiêu và 10 đố"&"i tác đầu." -> 📅 TUẦN 02 · 21/09/2026 – 27/09/2026 — Phỏng vấn thử · Số liệu thị trường · Đối thủ │ 🎯 Mục tiêu: Kịch bản chạy được trên người thật; thị trường có số có nguồn; đối thủ có ảnh chụp; tỉnh mục tiêu được chốt. │ 💡 Cuối tuần biết được: Kịch bản v1 dùng được; đối thủ đang làm tốt gì và trống ở đâu; cỡ thị trường theo số có nguồn (hoặc biết chính xác còn thiếu biến nào); tỉnh mục tiêu và 10 đối tác đầu.
A18: 12 | B18: QUÝ 1 — GIAI ĐOẠN 1: THẤU CẢM | C18: T02.1 2 phỏng vấn thử | D18: Chọn 2 người dễ hẹn nhưng đúng đầu cầu. 30'/cuộc, ghi âm có xin phép. Sau mỗi cuộc dành 10' ghi: câu nào bị trả lời chung chung, câu nào vô tình dẫn dắt, thứ tự nào làm họ mở lòng. Sửa thành v1, ghi «thay đổi so với v0» ở đầu tệp. | F18: TT | G18: =NGAY_BAT_DAU+7 -> 46286 | H18: =NGAY_BAT_DAU+13 -> 46292 | I18: Chưa bắt đầu | J18: 2 tệp phỏng vấn + kich-ban-v1.md gửi nhóm trước T3
A19: 13 | C19: T02.2 Bảng so sánh 6 app đối thủ | D19: 6 app theo 6 nhóm: 2 OTA, 1 bản đồ, 1 lịch trình, 1 mạng xã hội, 1 app Việt. Mỗi app 30', đóng vai người sắp đi tỉnh mục tiêu với 3 nhiệm vụ: lên kế hoạch 3 ngày / lưu kỷ niệm / tìm người đi cùng. Chụp màn hình từng bước. | F19: TN · SP | G19: =NGAY_BAT_DAU+7 -> 46286 | H19: =NGAY_BAT_DAU+13 -> 46292 | I19: Chưa bắt đầu | J19: Bảng 6 hàng × 5 trục + 2 cột «làm tốt nhất» và «khoảng trống», có ảnh
A20: 14 | C20: T02.3 Research số liệu du lịch | D20: Theo Phụ lục B week_index. Bảng: chỉ số · giá trị · năm · nguồn (link) · độ tin (chính thức/báo chí/ước). Điền 4 biến công thức cỡ thị trường; biến nào không có thì ghi «chưa có, cần khảo sát» thay vì đoán. | F20: ĐP | G20: =NGAY_BAT_DAU+7 -> 46286 | H20: =NGAY_BAT_DAU+13 -> 46292 | I20: Chưa bắt đầu | J20: Tệp có ≥ 8 dòng có link; công thức có ≥ 2/4 biến
A21: 15 | C21: T02.4 Chọn tỉnh mục tiêu → ADR | D21: Chấm 3 ứng viên (Hà Giang, Ninh Bình, Mộc Châu) theo 4 tiêu chí 1–3 điểm: (a) ≥50% danh sách phỏng vấn đã/định đi; (b) đi được cuối tuần từ Hà Nội; (c) mùa đẹp rơi vào T13–T30; (d) nhiều homestay/quán nhỏ. Cao điểm nhất thắng. | F21: VH | G21: =NGAY_BAT_DAU+7 -> 46286 | H21: =NGAY_BAT_DAU+13 -> 46292 | I21: Chưa bắt đầu | J21: docs/00_quyet-dinh/2026-09-2x-tinh-muc-tieu.md
A22: 16 | C22: T02.5 Danh sách 10 đối tác tỉnh mục tiêu | D22: Nguồn: Google Maps đọc tay ghi thông tin liên hệ công khai (KHÔNG cào hàng loạt — vi phạm điều khoản), fanpage, nhóm review. Ưu tiên chủ trẻ đang chạy fanpage. | F22: VH | G22: =NGAY_BAT_DAU+7 -> 46286 | H22: =NGAY_BAT_DAU+13 -> 46292 | I22: Chưa bắt đầu | J22: 10 dòng: tên · loại · khu vực · liên hệ · kênh họ dùng · trạng thái
A23: 17 | C23: T02.6 Khởi tạo bảng số tuần | D23: Sheet cột: phỏng vấn cộng dồn · đối tác đã gọi · giờ đã góp (từng người) · việc tuần xong/tổng. Điền tuần 2. | F23: ĐP | G23: =NGAY_BAT_DAU+7 -> 46286 | H23: =NGAY_BAT_DAU+13 -> 46292 | I23: Chưa bắt đầu | J23: Sheet có dòng T2
A24: ="📅 TUẦN 03 · "&TEXT(NGAY_BAT_DAU+14,"dd/mm/yyyy")&" – "&TEXT(NGAY_BAT_DAU+20,"dd/mm/yyyy")&" — Phỏng vấn đợt 1 · Ký thoả thuận đồng sáng lập (M3) │ 🎯 Mục tiêu: ≥ 8 phỏng vấn có tệp; thoả thuận đồng sáng lập ký; họp tuần theo cấu trúc Level 10 lần đầu. │ 💡 Cuối tuần "&"biết được: Nỗi đau nào xuất hiện ≥ 2 lần trong 8 cuộc đầu; đối tác đang tìm khách trẻ bằng kênh gì và tốn bao nhiêu." -> 📅 TUẦN 03 · 28/09/2026 – 04/10/2026 — Phỏng vấn đợt 1 · Ký thoả thuận đồng sáng lập (M3) │ 🎯 Mục tiêu: ≥ 8 phỏng vấn có tệp; thoả thuận đồng sáng lập ký; họp tuần theo cấu trúc Level 10 lần đầu. │ 💡 Cuối tuần biết được: Nỗi đau nào xuất hiện ≥ 2 lần trong 8 cuộc đầu; đối tác đang tìm khách trẻ bằng kênh gì và tốn bao nhiêu.
A25: 18 | B25: QUÝ 1 — GIAI ĐOẠN 1: THẤU CẢM | C25: T03.1 ≥ 8 phỏng vấn khách hàng | D25: Mỗi người 2 cuộc/tuần. Hẹn qua chat, 30', ưu tiên gặp trực tiếp hoặc gọi video. Ghi tệp trong ≤ 24 giờ theo 8 cột + ≥ 3 câu trích nguyên văn + 1 dòng «học được» + 1 dòng «giả thuyết bị lay». TT đọc từng tệp, trả lại nếu thiếu trích dẫn. | F25: ALL | G25: =NGAY_BAT_DAU+14 -> 46293 | H25: =NGAY_BAT_DAU+20 -> 46299 | I25: Chưa bắt đầu | J25: 8 tệp docs/01_khach-hang/; bảng theo dõi cập nhật
A26: 19 | C26: T03.2 Ký thoả thuận đồng sáng lập | D26: Nội dung tối thiểu: (a) ghế và trách nhiệm; (b) ghi giờ và chia phần theo đóng góp thật; (c) mọi thứ tạo ra thuộc dự án/DN tương lai; (d) rời đi giữ phần đã góp, không rút IP; (e) sửa thoả thuận cần đồng thuận; (f) bảo mật. Đọc to từng điều trong họp rồi ký. | F26: ĐP | G26: =NGAY_BAT_DAU+14 -> 46293 | H26: =NGAY_BAT_DAU+20 -> 46299 | I26: Chưa bắt đầu | J26: PDF có chữ ký mọi người, lưu docs/05_phap-ly-tai-chinh/
A27: 20 | C27: T03.3 Mở bảng ghi giờ | D27: Sheet: ngày · người · việc · giờ · loại (làm/họp/học). Mỗi người tự ghi cuối ngày; ĐP chốt sáng thứ Hai và đưa tổng vào bảng số. Đây là dữ liệu chia phần và tính CAC bằng giờ. | F27: ĐP | G27: =NGAY_BAT_DAU+14 -> 46293 | H27: =NGAY_BAT_DAU+20 -> 46299 | I27: Chưa bắt đầu | J27: Sheet có dòng của mọi người tuần 3
A28: 21 | C28: T03.4 Họp Level 10 lần đầu | D28: Chạy đúng 7 khúc theo Phụ lục C Business.md; có người canh giờ; danh sách vấn đề ghi riêng; chấm điểm buổi họp cuối buổi. | F28: ĐP | G28: =NGAY_BAT_DAU+14 -> 46293 | H28: =NGAY_BAT_DAU+20 -> 46299 | I28: Chưa bắt đầu | J28: Biên bản có bảng số, danh sách vấn đề, việc tuần có tên người
A29: 22 | C29: T03.5 Gọi 2 đối tác đầu tiên | D29: Kịch bản 10': giới thiệu 1 câu (sinh viên làm dự án du lịch, muốn hiểu cách anh/chị tìm khách trẻ). 5 câu: khách trẻ đến từ đâu · đang dùng kênh nào trả bao nhiêu · bực gì nhất · mùa nào vắng · nếu có 30 bạn trẻ tới trong tháng thì sẵn lòng làm gì. Mục đích là NGHE, không bán. | F29: VH | G29: =NGAY_BAT_DAU+14 -> 46293 | H29: =NGAY_BAT_DAU+20 -> 46299 | I29: Chưa bắt đầu | J29: 2 dòng bảng đối tác có trạng thái + ghi chú
A30: 23 | C30: T03.6 Marketing trên các nền tảng — 1 trang | D30: Đọc, chưa chạy: trang trợ giúp Play về trang cửa hàng; cách đề xuất của TikTok/Threads ở mức phổ thông; 5 nhóm Facebook du lịch lớn (tên, số thành viên, quy tắc đăng); mạng affiliate ở Việt Nam (điều kiện tham gia — cần kiểm chứng). | F30: TN | G30: =NGAY_BAT_DAU+14 -> 46293 | H30: =NGAY_BAT_DAU+20 -> 46299 | I30: Chưa bắt đầu | J30: docs/03_tang-truong/marketing-nen-tang.md — nền cho Bullseye T15
A31: ="📅 TUẦN 04 · "&TEXT(NGAY_BAT_DAU+21,"dd/mm/yyyy")&" – "&TEXT(NGAY_BAT_DAU+27,"dd/mm/yyyy")&" — Phỏng vấn ≥ 16 · Nhãn hiệu · Affiliate │ 🎯 Mục tiêu: Cộng dồn 16 phỏng vấn; biết tên Levart dùng được không; biết affiliate mở cho ai; sẵn câu hỏi cho buổi luật. │ 💡 Cuối "&"tuần biết được: Tên dùng được hay phải đổi; chương trình affiliate nào mở cho nhóm/DN mới; nỗi đau nào đang dẫn đầu bảng đếm." -> 📅 TUẦN 04 · 05/10/2026 – 11/10/2026 — Phỏng vấn ≥ 16 · Nhãn hiệu · Affiliate │ 🎯 Mục tiêu: Cộng dồn 16 phỏng vấn; biết tên Levart dùng được không; biết affiliate mở cho ai; sẵn câu hỏi cho buổi luật. │ 💡 Cuối tuần biết được: Tên dùng được hay phải đổi; chương trình affiliate nào mở cho nhóm/DN mới; nỗi đau nào đang dẫn đầu bảng đếm.
A32: 24 | B32: QUÝ 1 — GIAI ĐOẠN 1: THẤU CẢM | C32: T04.1 ≥ 8 phỏng vấn (cộng dồn 16) | D32: Như T3. | F32: ALL | G32: =NGAY_BAT_DAU+21 -> 46300 | H32: =NGAY_BAT_DAU+27 -> 46306 | I32: Chưa bắt đầu | J32: 16 tệp phỏng vấn
A33: 25 | C33: T04.2 Bảng đếm nỗi đau | D33: Sheet: dòng = một nỗi đau (gộp các cách nói khác nhau về cùng một việc); cột = số người nêu KHÔNG GỢI · có gợi · tần suất TB · hài lòng TB · số người đã chi tiền · trích dẫn tiêu biểu (mã tệp). Cập nhật sau mỗi tệp mới. | F33: TT | G33: =NGAY_BAT_DAU+21 -> 46300 | H33: =NGAY_BAT_DAU+27 -> 46306 | I33: Chưa bắt đầu | J33: Sheet phủ đủ 16 tệp — nguồn cho top 3 ở T7
A34: 26 | C34: T04.3 Tra nhãn hiệu «Levart» | D34: Tra Levart và biến thể trên cơ sở dữ liệu Cục Sở hữu trí tuệ và WIPO Global Brand Database, nhóm 9/35/39/41/42; tra tên miền; tra Play & App Store xem có app trùng tên. Chụp màn hình kết quả. Nếu trùng thì đưa vào danh sách vấn đề (đổi tên là quyết định cửa một chiều). | F34: ĐP | G34: =NGAY_BAT_DAU+21 -> 46300 | H34: =NGAY_BAT_DAU+27 -> 46306 | I34: Chưa bắt đầu | J34: Tệp kết quả + ảnh chụp trong docs/05_
A35: 27 | C35: T04.4 Mua tên miền | D35: .vn và .com (nếu còn). Đứng tên một cá nhân tạm; ghi vào thoả thuận là tài sản dự án; chuyển sang DN ở T26+. Ghi sổ quỹ. | F35: ĐP | G35: =NGAY_BAT_DAU+21 -> 46300 | H35: =NGAY_BAT_DAU+27 -> 46306 | I35: Chưa bắt đầu | J35: Hoá đơn + dòng sổ quỹ
A36: 28 | C36: T04.5 5 câu hỏi luật + đặt hẹn | D36: Soạn 5 câu kèm 1 trang mô tả app (có bảng tin, GPS, ảnh, khách ẩn danh, chưa doanh thu). Gửi trước cho người hiểu luật; hẹn 45' trong T5. | F36: ĐP | G36: =NGAY_BAT_DAU+21 -> 46300 | H36: =NGAY_BAT_DAU+27 -> 46306 | I36: Chưa bắt đầu | J36: Lịch hẹn đã chốt + tệp câu hỏi
A37: 29 | C37: T04.6 Gọi 3 đối tác còn lại | D37: Như T3. | F37: VH | G37: =NGAY_BAT_DAU+21 -> 46300 | H37: =NGAY_BAT_DAU+27 -> 46306 | I37: Chưa bắt đầu | J37: 5/5 dòng bảng đối tác có trạng thái
A38: 30 | C38: T04.7 Bảng 3 chương trình affiliate | D38: Chọn 1 lưu trú, 1 vé (xe khách/máy bay), 1 sàn TMĐT. Đọc điều khoản: đối tượng (cá nhân/DN) · cách duyệt · hoa hồng · thời hạn ghi nhận (cookie) · điều cấm · ngưỡng thanh toán · link điều khoản · ngày đọc. | F38: VH | G38: =NGAY_BAT_DAU+21 -> 46300 | H38: =NGAY_BAT_DAU+27 -> 46306 | I38: Chưa bắt đầu | J38: Bảng 3 dòng × 8 cột trong docs/04_doi-tac/affiliate.md
A39: 31 | C39: T04.8 Gom phản hồi về app | D39: Một tệp, mỗi phỏng vấn một dòng: bấm gì đầu tiên · hiểu app làm gì (nguyên văn) · bực ở đâu. KHÔNG sửa app. | F39: SP | G39: =NGAY_BAT_DAU+21 -> 46300 | H39: =NGAY_BAT_DAU+27 -> 46306 | I39: Chưa bắt đầu | J39: 16 dòng — đầu vào cho luồng to-be T6
A40: ="📅 TUẦN 05 · "&TEXT(NGAY_BAT_DAU+28,"dd/mm/yyyy")&" – "&TEXT(NGAY_BAT_DAU+34,"dd/mm/yyyy")&" — Phỏng vấn ≥ 24 · Buổi hỏi luật │ 🎯 Mục tiêu: Cộng dồn 24 phỏng vấn; có câu trả lời thật cho 5 câu luật; biết ai đau nhất; biết đối tác nào sẵn lòng thử. │ 💡 Cuối tuần biết"&" được: Dưới 1.000 người có phải thông báo mạng xã hội không; khách ẩn danh có được đăng bài không; khi nào bắt buộc lập doanh nghiệp; phân khúc nào đau nhất; loại du lịch phổ biến "&"trong đầu cầu." -> 📅 TUẦN 05 · 12/10/2026 – 18/10/2026 — Phỏng vấn ≥ 24 · Buổi hỏi luật │ 🎯 Mục tiêu: Cộng dồn 24 phỏng vấn; có câu trả lời thật cho 5 câu luật; biết ai đau nhất; biết đối tác nào sẵn lòng thử. │ 💡 Cuối tuần biết được: Dưới 1.000 người có phải thông báo mạng xã hội không; khách ẩn danh có được đăng bài không; khi nào bắt buộc lập doanh nghiệp; phân khúc nào đau nhất; loại du lịch phổ biến trong đầu cầu.
A41: 32 | B41: QUÝ 1 — GIAI ĐOẠN 1: THẤU CẢM | C41: T05.1 ≥ 8 phỏng vấn (cộng dồn 24) | D41: Như T3. | F41: ALL | G41: =NGAY_BAT_DAU+28 -> 46307 | H41: =NGAY_BAT_DAU+34 -> 46313 | I41: Chưa bắt đầu | J41: 24 tệp phỏng vấn
A42: 33 | C42: T05.2 Phân tích chéo sơ bộ | D42: Pivot từ bảng đếm: nhóm đặc điểm (năm học, số chuyến/năm, ngân sách) × nỗi đau × cảm xúc mạnh. Tìm «ai đau nhất» — xem có phân khúc hẹp hơn đầu cầu không. | F42: TT | G42: =NGAY_BAT_DAU+28 -> 46307 | H42: =NGAY_BAT_DAU+34 -> 46313 | I42: Chưa bắt đầu | J42: 1 trang docs/01_khach-hang/phan-tich-so-bo.md
A43: 34 | C43: T05.3 Buổi 45' với người hiểu luật | D43: Đi theo 5 câu đã gửi; hỏi thêm: điều khoản sử dụng cần gì · xin đồng ý vị trí thế nào · tuổi tối thiểu (dưới 16 cần cha mẹ theo NĐ 147). Đánh dấu câu nào cần luật sư chuyên sâu sau. Ghi biên bản trong ngày. | F43: ĐP | G43: =NGAY_BAT_DAU+28 -> 46307 | H43: =NGAY_BAT_DAU+34 -> 46313 | I43: Chưa bắt đầu | J43: Biên bản trong docs/05_phap-ly-tai-chinh/
A44: 35 | C44: T05.4 Danh mục pháp lý v1 | D44: Bảng theo giai đoạn 0–4 (Business.md 7.2) thêm cột: câu trả lời từ buổi luật · việc phải làm · hạn · người phụ trách. | F44: ĐP | G44: =NGAY_BAT_DAU+28 -> 46307 | H44: =NGAY_BAT_DAU+34 -> 46313 | I44: Chưa bắt đầu | J44: docs/05_/danh-muc-phap-ly-v1.md — rà lại T13, T24, T39
A45: 36 | C45: T05.5 Tổng hợp 5 cuộc gọi đối tác | D45: Bảng: ai đồng ý thử · điều kiện họ nêu · kênh họ dùng · chi phí họ đang trả. Lập BẢNG ĐỐI TÁC CÓ THỂ CÓ theo loại (Business.md 6.2): loại · ứng viên · mô hình tiền dự kiến · giai đoạn. | F45: VH | G45: =NGAY_BAT_DAU+28 -> 46307 | H45: =NGAY_BAT_DAU+34 -> 46313 | I45: Chưa bắt đầu | J45: 2 bảng trong docs/04_; cần ≥ 3 «sẵn lòng thử» để qua cổng Q1
A46: 37 | C46: T05.6 Phân loại du lịch v1 | D46: Từ 24 tệp: liệt kê từ ngữ họ dùng để gọi chuyến đi (đi phượt, đi chill, đi chữa lành, đi sống ảo, đi trek…); gom 6–8 loại; đếm; đối chiếu bản nháp T1. | F46: TN | G46: =NGAY_BAT_DAU+28 -> 46307 | H46: =NGAY_BAT_DAU+34 -> 46313 | I46: Chưa bắt đầu | J46: 1 trang phan-loai-v1.md — chốt v2 ở T13
A47: ="📅 TUẦN 06 · "&TEXT(NGAY_BAT_DAU+35,"dd/mm/yyyy")&" – "&TEXT(NGAY_BAT_DAU+41,"dd/mm/yyyy")&" — Phỏng vấn ≥ 30 · Rủi ro · Tình huống ngoại lệ │ 🎯 Mục tiêu: Đủ 30 phỏng vấn; sổ rủi ro v1 có người theo dõi; bảng tình huống của tỉnh; luồng to-be nháp. │ 💡 Cuối tuần biết"&" được: Top 5 rủi ro và cái nào kiểm được trong 6 tuần tới; tình huống thật của tỉnh mục tiêu; 30 tệp đủ để tổng hợp." -> 📅 TUẦN 06 · 19/10/2026 – 25/10/2026 — Phỏng vấn ≥ 30 · Rủi ro · Tình huống ngoại lệ │ 🎯 Mục tiêu: Đủ 30 phỏng vấn; sổ rủi ro v1 có người theo dõi; bảng tình huống của tỉnh; luồng to-be nháp. │ 💡 Cuối tuần biết được: Top 5 rủi ro và cái nào kiểm được trong 6 tuần tới; tình huống thật của tỉnh mục tiêu; 30 tệp đủ để tổng hợp.
A48: 38 | B48: QUÝ 1 — GIAI ĐOẠN 1: THẤU CẢM | C48: T06.1 ≥ 6 phỏng vấn (cộng dồn 30) | D48: Như T3. | F48: ALL | G48: =NGAY_BAT_DAU+35 -> 46314 | H48: =NGAY_BAT_DAU+41 -> 46320 | I48: Chưa bắt đầu | J48: 30 tệp phỏng vấn
A49: 39 | C49: T06.2 Pre-mortem + sổ rủi ro v1 | D49: 30' trong họp tuần: đọc kịch bản «tháng 9/2027 Levart đã chết»; mỗi người viết 3 lý do trong 2'; đọc vòng; gom theo 9 loại rủi ro; chấm khả năng × tác động (1–3); chọn top 5 đỏ; gán người theo dõi, cách giảm, tín hiệu cảnh báo sớm. Đưa cả G1–G8 vào. | F49: ĐP | G49: =NGAY_BAT_DAU+35 -> 46314 | H49: =NGAY_BAT_DAU+41 -> 46320 | I49: Chưa bắt đầu | J49: docs/05_/so-rui-ro.md ≥ 12 dòng, top 5 có người theo dõi
A50: 40 | C50: T06.3 Bảng tình huống ngoại lệ của tỉnh | D50: Theo 6 nhóm (sức khoẻ · an ninh · thiên tai/giao thông · cháy nổ/cứu nạn · pháp lý khi đi · số). Cho tỉnh mục tiêu: bệnh viện/trạm y tế gần điểm phổ biến · số công an/CSGT huyện · nhà xe · tháng mưa lũ/sạt lở · đoạn đường nguy hiểm · quy định đặc thù. Đánh dấu «chưa xác minh» — gọi thử ở T18. | F50: VH | G50: =NGAY_BAT_DAU+35 -> 46314 | H50: =NGAY_BAT_DAU+41 -> 46320 | I50: Chưa bắt đầu | J50: docs/04_/khan-cap-<tinh>.md
A51: 41 | C51: T06.4 Sơ đồ luồng to-be nháp | D51: Từ nỗi đau đang nổi: vẽ luồng người dùng lý tưởng 1 trang (trước – trong – sau chuyến); đánh dấu bước nào app đã có / chưa có. CHƯA XÂY. | F51: SP | G51: =NGAY_BAT_DAU+35 -> 46314 | H51: =NGAY_BAT_DAU+41 -> 46320 | I51: Chưa bắt đầu | J51: docs/02_thi-nghiem/luong-to-be-v0.md
A52: 42 | C52: T06.5 Chuẩn bị buổi tổng hợp T7 | D52: In/chuẩn bị thẻ; gom 30 tệp; in bảng đếm; đặt lịch 3 giờ; chia vai (người đọc, người dán, người đếm). | F52: TT | G52: =NGAY_BAT_DAU+35 -> 46314 | H52: =NGAY_BAT_DAU+41 -> 46320 | I52: Chưa bắt đầu | J52: Lịch + vật liệu sẵn sàng
A53: ="📅 TUẦN 07 · "&TEXT(NGAY_BAT_DAU+42,"dd/mm/yyyy")&" – "&TEXT(NGAY_BAT_DAU+48,"dd/mm/yyyy")&" — NGUỘI · Kết chu kỳ 1 (M7) — phân tích 30 phỏng vấn │ 🎯 Mục tiêu: Biến 30 tệp thành persona v1, top 3 nỗi đau có số, và câu trả lời bằng số cho «khách có thật sự cần không». "&" │ 💡 Cuối tuần biết được: Top 3 nỗi đau với ba con số; persona v1; cược nào đúng/sai; giả thuyết nào bị gạch." -> 📅 TUẦN 07 · 26/10/2026 – 01/11/2026 — NGUỘI · Kết chu kỳ 1 (M7) — phân tích 30 phỏng vấn │ 🎯 Mục tiêu: Biến 30 tệp thành persona v1, top 3 nỗi đau có số, và câu trả lời bằng số cho «khách có thật sự cần không». │ 💡 Cuối tuần biết được: Top 3 nỗi đau với ba con số; persona v1; cược nào đúng/sai; giả thuyết nào bị gạch.
A54: 43 | B54: QUÝ 1 — GIAI ĐOẠN 1: THẤU CẢM | C54: T07.1 Buổi tổng hợp 3 giờ | D54: (1) 40' mỗi tệp → thẻ nỗi đau (1 câu + mã tệp). (2) 30' dán, gom cụm, đặt tên cụm BẰNG LỜI KHÁCH. (3) 20' đếm mỗi cụm: số người không gợi · tần suất TB · hài lòng TB · số đã chi. (4) 30' chấm cụm = tần suất × (6 − hài lòng) × (1 + tỷ lệ đã chi) → top 3. (5) 40' persona v1 theo 8 mục. (6) 20' ba con số. Chụp ảnh bảng. | F54: ALL | G54: =NGAY_BAT_DAU+42 -> 46321 | H54: =NGAY_BAT_DAU+48 -> 46327 | I54: Chưa bắt đầu | J54: persona-v1.md; top3-noi-dau.md có số + ảnh. Ngưỡng «đủ đau» đề xuất: ≥ 60% tự nêu, ≥ 30% đã chi
A55: 44 | C55: T07.2 Kết 3 cược chu kỳ 1 | D55: Điền mục «Kết quả» từng thẻ: số đo · bằng chứng (link) · kết luận tiếp/sửa/bỏ. Viết biên bản kết C1. | F55: ĐP | G55: =NGAY_BAT_DAU+42 -> 46321 | H55: =NGAY_BAT_DAU+48 -> 46327 | I55: Chưa bắt đầu | J55: 3 thẻ có kết quả + docs/06_hop/…-ket-C1.md
A56: 45 | C56: T07.3 Gạch giả thuyết G1–G8 | D56: Bảng G1–G8 thêm cột «bằng chứng T7»: xác nhận / bác / chưa rõ. Cập nhật bãi đỗ: ý nào chết hẳn, ý nào lên ứng viên cược. | F56: TN | G56: =NGAY_BAT_DAU+42 -> 46321 | H56: =NGAY_BAT_DAU+48 -> 46327 | I56: Chưa bắt đầu | J56: Bảng cập nhật — đầu vào cho Business.md 0.2
A57: 46 | C57: T07.4 Bù giờ | D57: Tuần nguội — không xếp việc mới. | F57: ALL | G57: =NGAY_BAT_DAU+42 -> 46321 | H57: =NGAY_BAT_DAU+48 -> 46327 | I57: Chưa bắt đầu
A58: ="📅 TUẦN 08 · "&TEXT(NGAY_BAT_DAU+49,"dd/mm/yyyy")&" – "&TEXT(NGAY_BAT_DAU+55,"dd/mm/yyyy")&" — NGUỘI · Business.md 0.2 · Kịch bản lần 2 · Bàn cược C2 │ 🎯 Mục tiêu: Tài liệu nền phản ánh bằng chứng; sẵn kịch bản lần 2; ba cược cho chu kỳ 2; chính sách riêng tư và trang"&" tĩnh sẵn trước khi người ngoài dùng app. │ 💡 Cuối tuần biết được: Business.md nói bằng bằng chứng; chu kỳ 2 phải chứng minh gì; chính sách và trang tĩnh đã sẵn." -> 📅 TUẦN 08 · 02/11/2026 – 08/11/2026 — NGUỘI · Business.md 0.2 · Kịch bản lần 2 · Bàn cược C2 │ 🎯 Mục tiêu: Tài liệu nền phản ánh bằng chứng; sẵn kịch bản lần 2; ba cược cho chu kỳ 2; chính sách riêng tư và trang tĩnh sẵn trước khi người ngoài dùng app. │ 💡 Cuối tuần biết được: Business.md nói bằng bằng chứng; chu kỳ 2 phải chứng minh gì; chính sách và trang tĩnh đã sẵn.
A59: 47 | B59: QUÝ 1 — GIAI ĐOẠN 1: THẤU CẢM | C59: T08.1 Business.md 0.2 | D59: Sửa mục 2.1–2.5: mỗi ô (GT) → «Bằng chứng: … (n=30)» hoặc gạch. Lean Canvas v1. JTBD v1 viết lại bằng lời khách. Định vị v1: giữ hay đổi «hộ chiếu». Ghi bảng thay đổi ở đầu tệp. | F59: TN | G59: =NGAY_BAT_DAU+49 -> 46328 | H59: =NGAY_BAT_DAU+55 -> 46334 | I59: Chưa bắt đầu | J59: Tệp có ngày, đánh số 0.2; cả nhóm đọc trước họp
A60: 48 | C60: T08.2 Kịch bản phỏng vấn lần 2 (phỏng vấn giải pháp, 20') | D60: 5' xác nhận top 3 · 5' phản ứng định vị (ảnh hộ chiếu 5 giây → «app này làm gì?») · 5' thẻ giá (hộ chiếu in X đ / gói AI Y đ-tháng / miễn phí có quảng cáo — chọn gì, mức nào quá đắt-quá rẻ) · 3' dịch vụ muốn đặt qua app (chọn 3, gạch 2 «không bao giờ») · 2' điều kiện tối thiểu để đi cùng người lạ. Người: 5 cũ + 5 mới. | F60: TT | G60: =NGAY_BAT_DAU+49 -> 46328 | H60: =NGAY_BAT_DAU+55 -> 46334 | I60: Chưa bắt đầu | J60: kich-ban-lan-2.md kèm ảnh và 3 thẻ giá
A61: 49 | C61: T08.3 Bàn cược chu kỳ 2 (T9–T14) | D61: 3 thẻ theo Phụ lục B: (A) cohort 30–50 người thật — kích hoạt ≥ X%, quay lại 7 ngày ≥ Y%; (B) 10 nội dung ngắn trên 2 kênh — đo xem → cài; (C) sản phẩm sẵn cho cohort. Nhóm chốt X, Y. | F61: ĐP | G61: =NGAY_BAT_DAU+49 -> 46328 | H61: =NGAY_BAT_DAU+55 -> 46334 | I61: Chưa bắt đầu | J61: 3 tệp thẻ trong docs/02_thi-nghiem/
A62: 50 | C62: T08.4 Chính sách quyền riêng tư (nháp) | D62: Dựa biên bản luật. Mục: dữ liệu thu (tài khoản, VỊ TRÍ — dữ liệu nhạy cảm, ảnh, thiết bị) · mục đích · cơ sở đồng ý (đồng ý riêng cho vị trí) · thời gian lưu · chia sẻ với ai · quyền người dùng (xem/sửa/xoá/rút) · liên hệ. Gửi người hiểu luật xem 15'. | F62: ĐP | G62: =NGAY_BAT_DAU+49 -> 46328 | H62: =NGAY_BAT_DAU+55 -> 46334 | I62: Chưa bắt đầu | J62: Nháp v0.9 trong docs/05_ — công khai T9
A63: 51 | C63: T08.5 Danh mục kỹ thuật tối thiểu cho cohort | D63: 4 việc chặn thí nghiệm: con dấu theo tài khoản (đổi máy không mất) · báo cáo nội dung · chính sách riêng tư hiển thị trong app · phễu đo 5 hành vi. Ước giờ; nếu không kịp trước T9 thì chốt cái nào bắt buộc trước 12 người. | F63: SP | G63: =NGAY_BAT_DAU+49 -> 46328 | H63: =NGAY_BAT_DAU+55 -> 46334 | I63: Chưa bắt đầu | J63: Danh mục có giờ và thứ tự (chi tiết kỹ thuật ở status.md)
A64: 52 | C64: T08.6 Trang tĩnh (tên miền) | D64: Chọn cách rẻ nhất trên tên miền đã mua. Nội dung: giới thiệu 3 dòng · chính sách riêng tư · điều khoản · cách yêu cầu xoá tài khoản · liên hệ. | F64: ĐP · SP | G64: =NGAY_BAT_DAU+49 -> 46328 | H64: =NGAY_BAT_DAU+55 -> 46334 | I64: Chưa bắt đầu | J64: Link mở được — cũng là tên miền cho hồ sơ mạng xã hội

Sheet C2_T09-16
A1: C2 · CHU KỲ 2 — Cohort đầu tiên & Cổng quý 1
A2: ="Tuần 09 – 16 │ "&TEXT(NGAY_BAT_DAU+56,"dd/mm/yyyy")&" → "&TEXT(NGAY_BAT_DAU+111,"dd/mm/yyyy")&" │ 6 tuần làm (T9–T14) + 2 tuần nguội (T15–T16, trùng kỳ thi & Tết Dương) │ QUÝ 1 — GIAI ĐOẠN 1: THẤU CẢM" -> Tuần 09 – 16 │ 09/11/2026 → 03/01/2027 │ 6 tuần làm (T9–T14) + 2 tuần nguội (T15–T16, trùng kỳ thi & Tết Dương) │ QUÝ 1 — GIAI ĐOẠN 1: THẤU CẢM
A4: STT | B4: Giai đoạn / Phase | C4: Đầu mục / Task | D4: Phân việc chi tiết / Subtask | E4: Mục đích / Purpose | F4: Ghế / PIC | G4: Ngày bắt đầu Start Date | H4: Ngày kết thúc End Date | I4: Trạng thái / Status | J4: Tiêu chí hoàn thành / Output | K4: Ghi chú / Note
A5: ="📅 TUẦN 09 · "&TEXT(NGAY_BAT_DAU+56,"dd/mm/yyyy")&" – "&TEXT(NGAY_BAT_DAU+62,"dd/mm/yyyy")&" — Thử nghiệm kín 12 người · Phỏng vấn lần 2 │ 🎯 Mục tiêu: Đồng hồ 14 ngày của Google Play bắt đầu; phễu có số thật đầu tiên; 5 phỏng vấn lần 2; 3 nội dung đầu. │ 💡 Cuối tuần"&" biết được: Người lần đầu nhìn app có hiểu «hộ chiếu» trong 5 giây không (từ 5 phỏng vấn); 12 người đã cài; phễu đo được." -> 📅 TUẦN 09 · 09/11/2026 – 15/11/2026 — Thử nghiệm kín 12 người · Phỏng vấn lần 2 │ 🎯 Mục tiêu: Đồng hồ 14 ngày của Google Play bắt đầu; phễu có số thật đầu tiên; 5 phỏng vấn lần 2; 3 nội dung đầu. │ 💡 Cuối tuần biết được: Người lần đầu nhìn app có hiểu «hộ chiếu» trong 5 giây không (từ 5 phỏng vấn); 12 người đã cài; phễu đo được.
A6: 1 | B6: QUÝ 1 — GIAI ĐOẠN 1: THẤU CẢM | C6: T09.1 Thử nghiệm kín 12 người | D6: Tạo bản thử kín; thêm 12 email; gửi hướng dẫn cài 3 bước; xác nhận từng người đã cài VÀ mở app; ghi ngày bắt đầu (đủ 14 ngày rơi vào T11); nhắc không gỡ. | F6: SP | G6: =NGAY_BAT_DAU+56 -> 46335 | H6: =NGAY_BAT_DAU+62 -> 46341 | I6: Chưa bắt đầu | J6: Bảng 12 người «đã cài» + ngày bắt đầu
A7: 2 | C7: T09.2 Phễu đo hoạt động | D7: Kiểm 5 hành vi được ghi nhận: mở lần đầu · đóng dấu đầu · quay lại · chia sẻ · bấm đối tác. ĐP lập dashboard đơn giản (sheet nhập tay hằng tuần nếu cần). | F7: SP · ĐP | G7: =NGAY_BAT_DAU+56 -> 46335 | H7: =NGAY_BAT_DAU+62 -> 46341 | I7: Chưa bắt đầu | J7: Bảng số T9 có cột kích hoạt với số thật (dù nhỏ)
A8: 3 | C8: T09.3 5 phỏng vấn lần 2 | D8: Theo kịch bản T8. Tệp ghi: đúng/sai top 3 · hiểu định vị (có/không + nguyên văn) · thẻ giá chọn · dịch vụ top và dịch vụ gạch · điều kiện đi chung. | F8: TT | G8: =NGAY_BAT_DAU+56 -> 46335 | H8: =NGAY_BAT_DAU+62 -> 46341 | I8: Chưa bắt đầu | J8: 5 tệp phỏng vấn lần 2
A9: 4 | C9: T09.4 3 nội dung ngắn đầu tiên | D9: Chủ đề: (1) «tôi đã đi X/34 tỉnh — bạn?» (2) «3 chỗ ở [tỉnh] không có trên bản đồ» (3) «hộ chiếu du lịch là gì». 15–30 giây, quay điện thoại, có hình con dấu. Đăng 1 kênh chính, đăng lại kênh 2. Ghi link + giờ đăng; đo sau 7 ngày. | F9: TT | G9: =NGAY_BAT_DAU+56 -> 46335 | H9: =NGAY_BAT_DAU+62 -> 46341 | I9: Chưa bắt đầu | J9: 3 link trong docs/03_/noi-dung.md
A10: 5 | C10: T09.5 Ưu đãi đối tác — 1 trang | D10: Với 3 đối tác đồng ý: ưu đãi nhỏ ít tốn đối tác (đồ uống/giảm 10%) cho người CHO XEM CON DẤU TỈNH trong app; cách xác nhận (xem màn hình); thời hạn T10–T14; cách đối tác báo lại số người. | F10: VH | G10: =NGAY_BAT_DAU+56 -> 46335 | H10: =NGAY_BAT_DAU+62 -> 46341 | I10: Chưa bắt đầu | J10: 3 đối tác xác nhận qua chat
A11: 6 | C11: T09.6 Công khai trang tĩnh | D11: Chính sách riêng tư + điều khoản v1 lên trang; đưa link vào app và trang cửa hàng. | F11: ĐP | G11: =NGAY_BAT_DAU+56 -> 46335 | H11: =NGAY_BAT_DAU+62 -> 46341 | I11: Chưa bắt đầu | J11: Link mở được, có ngày hiệu lực
A12: ="📅 TUẦN 10 · "&TEXT(NGAY_BAT_DAU+63,"dd/mm/yyyy")&" – "&TEXT(NGAY_BAT_DAU+69,"dd/mm/yyyy")&" — Cohort 30 người · Phân tích lần 2 · Slogan │ 🎯 Mục tiêu: 30 người dùng thật có nguồn; kết quả 10 phỏng vấn lần 2; slogan v1 chọn bằng người ngoài. │ 💡 Cuối tuần biết được:"&" % cohort đóng con dấu đầu trong 7 ngày; slogan v1; mức giá được chọn nhiều nhất và dịch vụ nào họ muốn đặt." -> 📅 TUẦN 10 · 16/11/2026 – 22/11/2026 — Cohort 30 người · Phân tích lần 2 · Slogan │ 🎯 Mục tiêu: 30 người dùng thật có nguồn; kết quả 10 phỏng vấn lần 2; slogan v1 chọn bằng người ngoài. │ 💡 Cuối tuần biết được: % cohort đóng con dấu đầu trong 7 ngày; slogan v1; mức giá được chọn nhiều nhất và dịch vụ nào họ muốn đặt.
A13: 7 | B13: QUÝ 1 — GIAI ĐOẠN 1: THẤU CẢM | C13: T10.1 Mời cohort lên 30 người | D13: Kênh: CLB du lịch/nhiếp ảnh, nhóm lớp, bạn của 12 người. Lời mời 3 câu + link. Điều kiện: cài, đăng ký, thử đóng 1 con dấu trong tuần (Hà Nội cũng tính). Lập nhóm chat cohort để hỗ trợ. Ghi NGUỒN từng người. | F13: TT | G13: =NGAY_BAT_DAU+63 -> 46342 | H13: =NGAY_BAT_DAU+69 -> 46348 | I13: Chưa bắt đầu | J13: Bảng cohort 30 dòng: tên · kênh · ngày cài · đã đóng dấu?
A14: 8 | C14: T10.2 5 phỏng vấn lần 2 còn lại + phân tích | D14: Tổng hợp 10 cuộc: % xác nhận top 3 · % hiểu định vị đúng · phân bố thẻ giá (biểu đồ cột) · top 3 dịch vụ muốn đặt · 5 điều kiện đi chung hay gặp · kết luận 5 dòng. | F14: TT | G14: =NGAY_BAT_DAU+63 -> 46342 | H14: =NGAY_BAT_DAU+69 -> 46348 | I14: Chưa bắt đầu | J14: docs/01_/phong-van-lan-2-ket-qua.md
A15: 9 | C15: T10.3 Thử 3 slogan với 20 người ngoài nhóm | D15: 3 ảnh giống nhau, khác câu. 20 người chưa biết app, mỗi người xem 1 ảnh 5 giây → «app này làm gì?» và «nhớ câu gì?». Ghi đúng/sai. Chọn câu có tỷ lệ hiểu đúng + nhớ cao nhất. KHÔNG biểu quyết nội bộ. | F15: TN | G15: =NGAY_BAT_DAU+63 -> 46342 | H15: =NGAY_BAT_DAU+69 -> 46348 | I15: Chưa bắt đầu | J15: Bảng 20 dòng + ADR slogan v1
A16: 10 | C16: T10.4 Chạy ưu đãi đối tác | D16: Thông báo cohort: ai đi tỉnh mục tiêu T10–T14 thì dùng. Ghi từng trường hợp: ai · đối tác nào · đối tác nói gì. | F16: VH | G16: =NGAY_BAT_DAU+63 -> 46342 | H16: =NGAY_BAT_DAU+69 -> 46348 | I16: Chưa bắt đầu | J16: Bảng theo dõi ưu đãi
A17: 11 | C17: T10.5 Theo dõi lỗi cohort | D17: Kênh báo lỗi trong nhóm chat. Bảng lỗi: mô tả · ai · thiết bị · mức. CHỈ sửa lỗi chặn (không mở được, mất dữ liệu). Không thêm tính năng. | F17: SP | G17: =NGAY_BAT_DAU+63 -> 46342 | H17: =NGAY_BAT_DAU+69 -> 46348 | I17: Chưa bắt đầu | J17: Bảng lỗi
A18: 12 | C18: T10.6 3 nội dung tiếp theo | D18: Như T9. | F18: TT | G18: =NGAY_BAT_DAU+63 -> 46342 | H18: =NGAY_BAT_DAU+69 -> 46348 | I18: Chưa bắt đầu | J18: 6/10 nội dung
A19: ="📅 TUẦN 11 · "&TEXT(NGAY_BAT_DAU+70,"dd/mm/yyyy")&" – "&TEXT(NGAY_BAT_DAU+76,"dd/mm/yyyy")&" — Đo kích hoạt & quay lại · Dòng tiền v0 │ 🎯 Mục tiêu: Bảng số có 4 chỉ số thật; biết chi phí cố định 12 tháng; 10 nội dung có số; sẵn khảo sát. │ 💡 Cuối tuần biết được: Kên"&"h nào cho cài thật; chi phí cố định 12 tháng và ai đang ứng; CAC bằng giờ." -> 📅 TUẦN 11 · 23/11/2026 – 29/11/2026 — Đo kích hoạt & quay lại · Dòng tiền v0 │ 🎯 Mục tiêu: Bảng số có 4 chỉ số thật; biết chi phí cố định 12 tháng; 10 nội dung có số; sẵn khảo sát. │ 💡 Cuối tuần biết được: Kênh nào cho cài thật; chi phí cố định 12 tháng và ai đang ứng; CAC bằng giờ.
A20: 13 | B20: QUÝ 1 — GIAI ĐOẠN 1: THẤU CẢM | C20: T11.1 Bảng số T11 | D20: Kích hoạt = đóng dấu đầu ≤ 7 ngày / số cài, theo kênh. Quay lại 7 ngày = mở lại sau ≥ 7 ngày / số kích hoạt. Nội dung → cài (hỏi nguồn khi mời hoặc dùng link riêng). CAC bằng giờ = tổng giờ TT (T9–T11) / số kích hoạt. | F20: ĐP | G20: =NGAY_BAT_DAU+70 -> 46349 | H20: =NGAY_BAT_DAU+76 -> 46355 | I20: Chưa bắt đầu | J20: Bảng số có 4 chỉ số
A21: 14 | C21: T11.2 Dòng tiền v0 | D21: Phụ lục C, chỉ phần CHI CỐ ĐỊNH 12 tháng: hạ tầng đám mây (gói hiện tại, ngưỡng miễn phí) · bản đồ (hạn mức tháng) · AI (giá/lượt) · tên miền · phí tài khoản phát hành · phí nộp nhãn hiệu. Ghi giả định; tổng 12 tháng; ai ứng. | F21: ĐP | G21: =NGAY_BAT_DAU+70 -> 46349 | H21: =NGAY_BAT_DAU+76 -> 46355 | I21: Chưa bắt đầu | J21: Sheet v0 + đoạn ghi giả định
A22: 15 | C22: T11.3 4 nội dung còn lại + bảng nội dung | D22: Bảng 10 dòng: nội dung · kênh · ngày · xem 7 ngày · tương tác · cài quy về · học được. | F22: TT | G22: =NGAY_BAT_DAU+70 -> 46349 | H22: =NGAY_BAT_DAU+76 -> 46355 | I22: Chưa bắt đầu | J22: 10 dòng đủ số
A23: 16 | C23: T11.4 Mở rộng bảng đối tác có thể có | D23: Thêm loại: vận chuyển (nhà xe tuyến, thuê xe máy tại tỉnh) · gửi đồ (quán/homestay điểm trung chuyển) · đồ dùng (affiliate sàn) · bảo hiểm (2 hãng bán online). Mỗi loại 2–3 ứng viên + mô hình tiền + giai đoạn. | F23: VH | G23: =NGAY_BAT_DAU+70 -> 46349 | H23: =NGAY_BAT_DAU+76 -> 46355 | I23: Chưa bắt đầu | J23: Bảng ≥ 12 dòng
A24: 17 | C24: T11.5 Chuẩn bị khảo sát «rất thất vọng» | D24: 1 câu bắt buộc (4 lựa chọn) + 3 câu phụ: dùng gì nhiều nhất · thay bằng gì nếu mất · giới thiệu cho ai. Lập form. Danh sách người đủ ≥ 2 tuần dùng (12 người T9 + cohort T10). | F24: SP · ĐP | G24: =NGAY_BAT_DAU+70 -> 46349 | H24: =NGAY_BAT_DAU+76 -> 46355 | I24: Chưa bắt đầu | J24: Form + danh sách người nhận — gửi T12
A25: ="📅 TUẦN 12 · "&TEXT(NGAY_BAT_DAU+77,"dd/mm/yyyy")&" – "&TEXT(NGAY_BAT_DAU+83,"dd/mm/yyyy")&" — CỔNG QUÝ 1 (M12) — tiếp / xoay / dừng │ 🎯 Mục tiêu: Quyết định tiếp / xoay / dừng bằng bảng tiêu chí đã viết trước; chốt Rocks Q2; đủ điều kiện xin phát hành. │ 💡 Cuối tuầ"&"n biết được: Có bằng chứng «khách thật sự cần» hay chưa; nếu xoay thì xoay gì giữ gì; Rocks Q2." -> 📅 TUẦN 12 · 30/11/2026 – 06/12/2026 — CỔNG QUÝ 1 (M12) — tiếp / xoay / dừng │ 🎯 Mục tiêu: Quyết định tiếp / xoay / dừng bằng bảng tiêu chí đã viết trước; chốt Rocks Q2; đủ điều kiện xin phát hành. │ 💡 Cuối tuần biết được: Có bằng chứng «khách thật sự cần» hay chưa; nếu xoay thì xoay gì giữ gì; Rocks Q2.
A26: 18 | B26: QUÝ 1 — GIAI ĐOẠN 1: THẤU CẢM | C26: T12.1 Khảo sát Sean Ellis | D26: Gửi thứ Hai–Tư; nhắc 1 lần; đóng thứ Năm. Tính % «rất thất vọng» trên số người trả lời; ghi rõ tỷ lệ trả lời. Ngưỡng tham chiếu: 40%. | F26: ĐP | G26: =NGAY_BAT_DAU+77 -> 46356 | H26: =NGAY_BAT_DAU+83 -> 46362 | I26: Chưa bắt đầu | J26: Kết quả + cỡ mẫu n
A27: 19 | C27: T12.2 Họp cổng 2 giờ | D27: Bảng tiêu chí giai đoạn 1: mỗi dòng mục tiêu · số thật · đạt/không · bằng chứng. Thảo luận 3 lối ra (Business.md 9.2). Ra ADR. Chốt 3 Rocks Q2 (đề xuất: 100 người hoạt động 1 trường · quay lại 30 ngày ≥ ngưỡng · 3 đối tác thử xong). Cập nhật Phụ lục E. Rà ghế 15'. | F27: ALL | G27: =NGAY_BAT_DAU+77 -> 46356 | H27: =NGAY_BAT_DAU+83 -> 46362 | I27: Chưa bắt đầu | J27: Biên bản cổng Q1 + ADR + Rocks Q2
A28: 20 | C28: T12.3 Điều kiện phát hành production | D28: Kiểm 14 ngày thử kín (T9→T11) đã đủ; 3 việc bắt buộc: báo cáo nội dung · chính sách riêng tư · đường dẫn xoá tài khoản. Nếu đủ thì nộp xin quyền phát hành; chuẩn bị trả lời câu hỏi của Play về thiết kế và quá trình thử nghiệm bằng dữ liệu cohort. | F28: SP · ĐP | G28: =NGAY_BAT_DAU+77 -> 46356 | H28: =NGAY_BAT_DAU+83 -> 46362 | I28: Chưa bắt đầu | J28: Đơn đã nộp, hoặc danh sách còn thiếu có hạn
A29: 21 | C29: T12.4 Cập nhật giai đoạn trong Business.md | D29: Mục 8.6 «Levart hiện ở» → giai đoạn 2 (nếu qua cổng), kèm số. | F29: TN | G29: =NGAY_BAT_DAU+77 -> 46356 | H29: =NGAY_BAT_DAU+83 -> 46362 | I29: Chưa bắt đầu | J29: Tệp cập nhật
A30: ="📅 TUẦN 13 · "&TEXT(NGAY_BAT_DAU+84,"dd/mm/yyyy")&" – "&TEXT(NGAY_BAT_DAU+90,"dd/mm/yyyy")&" — Phỏng vấn người bỏ · Phân loại v2 · Brief con dấu │ 🎯 Mục tiêu: Biết vì sao người ta bỏ; chốt nhãn phân loại; khởi động tài sản hình ảnh; nộp nhãn hiệu. │ 💡 Cuối tuần biết"&" được: 3 lý do bỏ đầu bảng; nhãn phân loại đã chốt; ai thiết kế con dấu; nhãn hiệu đã nộp." -> 📅 TUẦN 13 · 07/12/2026 – 13/12/2026 — Phỏng vấn người bỏ · Phân loại v2 · Brief con dấu │ 🎯 Mục tiêu: Biết vì sao người ta bỏ; chốt nhãn phân loại; khởi động tài sản hình ảnh; nộp nhãn hiệu. │ 💡 Cuối tuần biết được: 3 lý do bỏ đầu bảng; nhãn phân loại đã chốt; ai thiết kế con dấu; nhãn hiệu đã nộp.
A31: 22 | B31: QUÝ 2 — GIAI ĐOẠN 2: BÁM DÍNH | C31: T13.1 5 phỏng vấn người bỏ (churn) | D31: Chọn 5 người đã cài nhưng không mở lại ≥ 7 ngày. 15'/cuộc, gọi hoặc nhắn. Hỏi QUÁ KHỨ: lần cuối mở app làm gì · định làm gì mà không làm được · dùng gì thay · điều gì khiến bạn quay lại app khác. KHÔNG hỏi «nếu có X». Tổng hợp 3 lý do bỏ đầu bảng. | F31: TT | G31: =NGAY_BAT_DAU+84 -> 46363 | H31: =NGAY_BAT_DAU+90 -> 46369 | I31: Chưa bắt đầu | J31: 5 tệp + docs/01_/churn-C2.md — việc quan trọng nhất tuần
A32: 23 | C32: T13.2 Phân loại du lịch v2 | D32: Gộp 40 phỏng vấn (30 + 10); chốt 6–8 nhãn bằng lời khách; định nghĩa 1 dòng/nhãn; đề xuất làm nhãn chuyến đi trong app (SP nhận). | F32: TN | G32: =NGAY_BAT_DAU+84 -> 46363 | H32: =NGAY_BAT_DAU+90 -> 46369 | I32: Chưa bắt đầu | J32: Tệp phân loại v2 + ADR — dùng đo phân khúc nào kích hoạt/quay lại nhiều nhất
A33: 24 | C33: T13.3 Brief tài sản đặc trưng (con dấu 34 tỉnh) | D33: 1–2 trang: mục đích (nhận ra Levart trong 1 giây ở mọi nơi) · yêu cầu: hệ con dấu 34 tỉnh cùng ngôn ngữ hình, 1 màu chủ, 1 hình khoá · dùng ở app, ảnh chia sẻ 9:16, bản in, sticker · tránh giống logo có sẵn · 5 tham chiếu · hạn T16 · đổi công/ghi tên. Tìm người thiết kế (CLB thiết kế, bạn trường mỹ thuật). | F33: TN | G33: =NGAY_BAT_DAU+84 -> 46363 | H33: =NGAY_BAT_DAU+90 -> 46369 | I33: Chưa bắt đầu | J33: Brief + người nhận đã xác nhận
A34: 25 | C34: T13.4 Cập nhật danh mục pháp lý + nộp nhãn hiệu | D34: Nếu tiếp: ước ngày chạm ngưỡng mạng xã hội từ tốc độ tăng cohort → ghi mốc cần pháp nhân. Nộp đơn nhãn hiệu (tự nộp hoặc qua đại diện — hỏi phí); lưu biên nhận. | F34: ĐP | G34: =NGAY_BAT_DAU+84 -> 46363 | H34: =NGAY_BAT_DAU+90 -> 46369 | I34: Chưa bắt đầu | J34: Đơn có số nhận; danh mục pháp lý v1.1
A35: 26 | C35: T13.5 Thu sự cố thật của cohort | D35: Hỏi nhóm chat «chuyến gần nhất gặp chuyện gì?»; ghi vào bảng ngoại lệ, thêm cột «đã xảy ra với người thật». | F35: VH | G35: =NGAY_BAT_DAU+84 -> 46363 | H35: =NGAY_BAT_DAU+90 -> 46369 | I35: Chưa bắt đầu | J35: ≥ 5 sự cố thật trong bảng
A36: ="📅 TUẦN 14 · "&TEXT(NGAY_BAT_DAU+91,"dd/mm/yyyy")&" – "&TEXT(NGAY_BAT_DAU+97,"dd/mm/yyyy")&" — Kết chu kỳ 2 │ 🎯 Mục tiêu: Kết 3 cược bằng số; chọn ≤ 3 tính năng đáng xây và vì sao; chi phí/người v0. │ 💡 Cuối tuần biết được: Cược C2 đúng/sai; 3 tính năng đáng xây và "&"bằng chứng đứng sau; chi phí/người v0." -> 📅 TUẦN 14 · 14/12/2026 – 20/12/2026 — Kết chu kỳ 2 │ 🎯 Mục tiêu: Kết 3 cược bằng số; chọn ≤ 3 tính năng đáng xây và vì sao; chi phí/người v0. │ 💡 Cuối tuần biết được: Cược C2 đúng/sai; 3 tính năng đáng xây và bằng chứng đứng sau; chi phí/người v0.
A37: 27 | B37: QUÝ 2 — GIAI ĐOẠN 2: BÁM DÍNH | C37: T14.1 Kết 3 cược C2 | D37: (A) kích hoạt, quay lại 7 ngày theo kênh so mục tiêu; (B) nội dung → cài; (C) sản phẩm sẵn đúng hạn? Kết luận từng thẻ: tiếp/sửa/bỏ. | F37: ALL | G37: =NGAY_BAT_DAU+91 -> 46370 | H37: =NGAY_BAT_DAU+97 -> 46376 | I37: Chưa bắt đầu | J37: Biên bản kết C2
A38: 28 | C38: T14.2 Danh mục ≤ 3 tính năng cho C3 | D38: Nguồn: top 3 nỗi đau + 3 lý do bỏ. Mỗi ứng viên ghi: tên · nỗi đau hoặc lý do (link tệp) · số người nêu · phác thảo 3 dòng · khẩu vị (tuần) · cách đo thành công. Xếp theo số người nêu; chốt ≤ 3 trong họp. | F38: SP · TT | G38: =NGAY_BAT_DAU+91 -> 46370 | H38: =NGAY_BAT_DAU+97 -> 46376 | I38: Chưa bắt đầu | J38: docs/02_/tinh-nang-C3.md — mọi tính năng phải truy được về một tệp phỏng vấn
A39: 29 | C39: T14.3 Dòng tiền v1 | D39: Thêm CAC bằng giờ theo kênh; chi phí biến đổi thực đo từ bảng điều khiển nhà cung cấp T9–T14 chia số người hoạt động → chi phí/người/tháng v0. | F39: ĐP | G39: =NGAY_BAT_DAU+91 -> 46370 | H39: =NGAY_BAT_DAU+97 -> 46376 | I39: Chưa bắt đầu | J39: Sheet dòng tiền v1
A40: 30 | C40: T14.4 Lịch tuần đệm T15–T16 | D40: Tải nhẹ: ai rảnh làm gì; ai trực lỗi. | F40: ĐP | G40: =NGAY_BAT_DAU+91 -> 46370 | H40: =NGAY_BAT_DAU+97 -> 46376 | I40: Chưa bắt đầu | J40: Ghi trong biên bản
A41: ="📅 TUẦN 15 · "&TEXT(NGAY_BAT_DAU+98,"dd/mm/yyyy")&" – "&TEXT(NGAY_BAT_DAU+104,"dd/mm/yyyy")&" — NGUỘI · Business.md 0.3 · Chọn 2 kênh (Bullseye) │ 🎯 Mục tiêu: Tài liệu và quyết định kênh; kiểm điều kiện phát hành. (Trùng kỳ thi học kỳ 1 — tải nhẹ.) │ 💡 Cuối tuần biết"&" được: 2 kênh cho chu kỳ 3; production sẵn hay chưa." -> 📅 TUẦN 15 · 21/12/2026 – 27/12/2026 — NGUỘI · Business.md 0.3 · Chọn 2 kênh (Bullseye) │ 🎯 Mục tiêu: Tài liệu và quyết định kênh; kiểm điều kiện phát hành. (Trùng kỳ thi học kỳ 1 — tải nhẹ.) │ 💡 Cuối tuần biết được: 2 kênh cho chu kỳ 3; production sẵn hay chưa.
A42: 31 | B42: QUÝ 2 — GIAI ĐOẠN 2: BÁM DÍNH | C42: T15.1 Business.md 0.3 | D42: Thêm dữ liệu cohort vào mục 2 và 8.6; cập nhật 4.2 nếu slogan hoặc mức hiểu định vị đổi; ghi bài học từ churn. | F42: TN | G42: =NGAY_BAT_DAU+98 -> 46377 | H42: =NGAY_BAT_DAU+104 -> 46383 | I42: Chưa bắt đầu | J42: Tệp 0.3
A43: 32 | C43: T15.2 Bullseye — chọn 2 kênh | D43: Bảng: kênh · số cài (từ cột nguồn cohort + link nội dung) · giờ bỏ ra · CAC giờ. Xếp hạng; chọn 2 kênh cho C3; ghi rõ vì sao bỏ kênh khác. | F43: TT | G43: =NGAY_BAT_DAU+98 -> 46377 | H43: =NGAY_BAT_DAU+104 -> 46383 | I43: Chưa bắt đầu | J43: ADR chọn kênh
A44: 33 | C44: T15.3 Kiểm 3 việc bắt buộc + kế hoạch phát hành | D44: Trạng thái quyền production; báo cáo nội dung; chính sách trong app; đường dẫn xoá tài khoản. Kế hoạch T17: ngày phát hành, thông điệp, ai đăng ở đâu. | F44: ĐP · SP | G44: =NGAY_BAT_DAU+98 -> 46377 | H44: =NGAY_BAT_DAU+104 -> 46383 | I44: Chưa bắt đầu | J44: Kế hoạch phát hành 1 trang
A45: 34 | C45: T15.4 Cập nhật so sánh đối thủ | D45: 1 giờ: có gì mới ở 6 app; ai đụng vào ý niệm «thành tựu/đóng dấu». | F45: TN | G45: =NGAY_BAT_DAU+98 -> 46377 | H45: =NGAY_BAT_DAU+104 -> 46383 | I45: Chưa bắt đầu | J45: Ghi chú thêm vào tệp so sánh T2
A46: ="📅 TUẦN 16 · "&TEXT(NGAY_BAT_DAU+105,"dd/mm/yyyy")&" – "&TEXT(NGAY_BAT_DAU+111,"dd/mm/yyyy")&" — NGUỘI · Bàn cược C3 · Con dấu v1 │ 🎯 Mục tiêu: Ba cược cho chu kỳ 3; bộ hình con dấu v1; kế hoạch chiến dịch trường. │ 💡 Cuối tuần biết được: Cược C3; tài sản hình ảnh v1;"&" chiến dịch trường sẵn sàng." -> 📅 TUẦN 16 · 28/12/2026 – 03/01/2027 — NGUỘI · Bàn cược C3 · Con dấu v1 │ 🎯 Mục tiêu: Ba cược cho chu kỳ 3; bộ hình con dấu v1; kế hoạch chiến dịch trường. │ 💡 Cuối tuần biết được: Cược C3; tài sản hình ảnh v1; chiến dịch trường sẵn sàng.
A47: 35 | B47: QUÝ 2 — GIAI ĐOẠN 2: BÁM DÍNH | C47: T16.1 Bàn cược C3 (T17–T22) | D47: (A) phát hành + 100–150 người 1 trường: +30/tuần × 5 tuần (trừ Tết); (B) ≤ 3 tính năng từ T14; (C) 3 điểm đối tác có ưu đãi/con dấu đối tác + trang khẩn cấp offline nội dung tỉnh. Mỗi thẻ ghi số đo và hạn. Kiểm điểm Rocks Q2 giữa quý. | F47: ALL | G47: =NGAY_BAT_DAU+105 -> 46384 | H47: =NGAY_BAT_DAU+111 -> 46390 | I47: Chưa bắt đầu | J47: 3 thẻ cược C3
A48: 36 | C48: T16.2 Nhận thiết kế con dấu v1 | D48: Duyệt theo brief; thử in 1 tờ sticker; thử đặt trên ảnh 9:16; góp ý 1 vòng. | F48: TN | G48: =NGAY_BAT_DAU+105 -> 46384 | H48: =NGAY_BAT_DAU+111 -> 46390 | I48: Chưa bắt đầu | J48: Bộ hình v1 trong docs/03_/thuong-hieu/
A49: 37 | C49: T16.3 Kế hoạch chiến dịch trường 1 | D49: Danh sách CLB/nhóm lớp/bảng tin; lời mời; lịch đăng T17–T20; người phụ trách từng nhóm; link hoặc mã riêng để đo nguồn. | F49: TT | G49: =NGAY_BAT_DAU+105 -> 46384 | H49: =NGAY_BAT_DAU+111 -> 46390 | I49: Chưa bắt đầu | J49: Kế hoạch trong docs/03_
A50: 38 | C50: T16.4 Lịch trực lỗi Tết Dương | D50: Ai trực 31/12–02/01. | F50: SP | G50: =NGAY_BAT_DAU+105 -> 46384 | H50: =NGAY_BAT_DAU+111 -> 46390 | I50: Chưa bắt đầu | J50: Ghi trong biên bản

Sheet C3_T17-24
A1: C3 · CHU KỲ 3 — Phát hành & mở rộng trường 1
A2: ="Tuần 17 – 24 │ "&TEXT(NGAY_BAT_DAU+112,"dd/mm/yyyy")&" → "&TEXT(NGAY_BAT_DAU+167,"dd/mm/yyyy")&" │ 6 tuần làm (T17–T22, có 2 tuần Tết) + 2 tuần nguội (T23–T24) │ QUÝ 2 — GIAI ĐOẠN 2: BÁM DÍNH" -> Tuần 17 – 24 │ 04/01/2027 → 28/02/2027 │ 6 tuần làm (T17–T22, có 2 tuần Tết) + 2 tuần nguội (T23–T24) │ QUÝ 2 — GIAI ĐOẠN 2: BÁM DÍNH
A4: STT | B4: Giai đoạn / Phase | C4: Đầu mục / Task | D4: Phân việc chi tiết / Subtask | E4: Mục đích / Purpose | F4: Ghế / PIC | G4: Ngày bắt đầu Start Date | H4: Ngày kết thúc End Date | I4: Trạng thái / Status | J4: Tiêu chí hoàn thành / Output | K4: Ghi chú / Note
A5: ="📅 TUẦN 17 · "&TEXT(NGAY_BAT_DAU+112,"dd/mm/yyyy")&" – "&TEXT(NGAY_BAT_DAU+118,"dd/mm/yyyy")&" — Phát hành production · ASO · Chiến dịch trường 1 │ 🎯 Mục tiêu: App công khai; trang cửa hàng mang con dấu; +30 người lạ. │ 💡 Cuối tuần biết được: Tỷ lệ kích hoạt của người"&" LẠ so với cohort quen; quay lại 30 ngày đầu tiên." -> 📅 TUẦN 17 · 04/01/2027 – 10/01/2027 — Phát hành production · ASO · Chiến dịch trường 1 │ 🎯 Mục tiêu: App công khai; trang cửa hàng mang con dấu; +30 người lạ. │ 💡 Cuối tuần biết được: Tỷ lệ kích hoạt của người LẠ so với cohort quen; quay lại 30 ngày đầu tiên.
A6: 1 | B6: QUÝ 2 — GIAI ĐOẠN 2: BÁM DÍNH | C6: T17.1 Phát hành production | D6: Nếu Play đã cấp quyền. Theo dõi lỗi 48 giờ đầu; có người trực. | F6: SP | G6: =NGAY_BAT_DAU+112 -> 46391 | H6: =NGAY_BAT_DAU+118 -> 46397 | I6: Chưa bắt đầu | J6: App công khai trên cửa hàng
A7: 2 | C7: T17.2 Trang cửa hàng (ASO cơ bản) | D7: Tiêu đề có từ khoá («hộ chiếu du lịch»); mô tả ngắn = slogan v1; 8 ảnh màn hình có con dấu; biểu tượng có hình khoá. Kiểm lại trên điện thoại thật. | F7: TT · TN | G7: =NGAY_BAT_DAU+112 -> 46391 | H7: =NGAY_BAT_DAU+118 -> 46397 | I7: Chưa bắt đầu | J7: Trang cửa hàng cập nhật + ảnh chụp
A8: 3 | C8: T17.3 Chiến dịch trường tuần 1 | D8: Đăng ở 5 nhóm/CLB theo kế hoạch; mỗi bài có link hoặc mã riêng; mở rộng nhóm chat cohort; mục tiêu +30. Ghi nguồn từng người. | F8: TT | G8: =NGAY_BAT_DAU+112 -> 46391 | H8: =NGAY_BAT_DAU+118 -> 46397 | I8: Chưa bắt đầu | J8: Bảng cohort +30 có cột nguồn
A9: 4 | C9: T17.4 Chuẩn bị đối tác mùa xuân | D9: Liên hệ lại 3 đối tác: ưu đãi T23–T30 (sau Tết); hỏi thêm 2 điểm mới; chuẩn bị sticker con dấu đối tác từ bộ hình v1. | F9: VH | G9: =NGAY_BAT_DAU+112 -> 46391 | H9: =NGAY_BAT_DAU+118 -> 46397 | I9: Chưa bắt đầu | J9: 3 đối tác xác nhận lịch mùa xuân
A10: 5 | C10: T17.5 Thêm cột quay lại 30 ngày | D10: Tính cho cohort T9–T10 (đã đủ 30 ngày). | F10: ĐP | G10: =NGAY_BAT_DAU+112 -> 46391 | H10: =NGAY_BAT_DAU+118 -> 46397 | I10: Chưa bắt đầu | J10: Số quay lại 30 ngày đầu tiên trong bảng số
A11: ="📅 TUẦN 18 · "&TEXT(NGAY_BAT_DAU+119,"dd/mm/yyyy")&" – "&TEXT(NGAY_BAT_DAU+125,"dd/mm/yyyy")&" — Mở rộng cohort · Nội dung 2 kênh · Xác minh hotline │ 🎯 Mục tiêu: +30 người; số cài theo kênh; biết hotline nào thật; tính năng 1 ra mắt. │ 💡 Cuối tuần biết được: Số cài t"&"heo kênh; hotline nào thật; cộng dồn +60 người." -> 📅 TUẦN 18 · 11/01/2027 – 17/01/2027 — Mở rộng cohort · Nội dung 2 kênh · Xác minh hotline │ 🎯 Mục tiêu: +30 người; số cài theo kênh; biết hotline nào thật; tính năng 1 ra mắt. │ 💡 Cuối tuần biết được: Số cài theo kênh; hotline nào thật; cộng dồn +60 người.
A12: 6 | B12: QUÝ 2 — GIAI ĐOẠN 2: BÁM DÍNH | C12: T18.1 Nội dung 3 bài/tuần × 2 kênh | D12: Lịch 6 tuần: chủ đề theo top 3 nỗi đau + con dấu; 15–30 giây; theo dõi xem và cài theo kênh. K sơ bộ = số người «biết qua bạn/chia sẻ» / tổng người mới. | F12: TT | G12: =NGAY_BAT_DAU+119 -> 46398 | H12: =NGAY_BAT_DAU+125 -> 46404 | I12: Chưa bắt đầu | J12: Bảng nội dung tuần + K sơ bộ
A13: 7 | C13: T18.2 Tính năng 1 | D13: Theo danh mục T14; đo theo cách đã định sẵn. | F13: SP | G13: =NGAY_BAT_DAU+119 -> 46398 | H13: =NGAY_BAT_DAU+125 -> 46404 | I13: Chưa bắt đầu | J13: Ra mắt + số đo bắt đầu chạy
A14: 8 | C14: T18.3 Gọi thử từng số hotline | D14: Gọi từng số trong bảng khẩn cấp tỉnh: có người nghe? giờ nào? hỗ trợ gì. Số không nghe thì bỏ hoặc ghi chú. Xác minh bệnh viện: địa chỉ, có cấp cứu 24/7 không. Kết quả → nội dung trang khẩn cấp v1 (SP nhận). | F14: VH | G14: =NGAY_BAT_DAU+119 -> 46398 | H14: =NGAY_BAT_DAU+125 -> 46404 | I14: Chưa bắt đầu | J14: Bảng hotline có cột «đã gọi ngày» — chỉ số đã gọi thử mới đưa vào app
A15: 9 | C15: T18.4 Chiến dịch trường tuần 2 | D15: Như T17. | F15: TT | G15: =NGAY_BAT_DAU+119 -> 46398 | H15: =NGAY_BAT_DAU+125 -> 46404 | I15: Chưa bắt đầu | J15: Bảng cohort +30
A16: ="📅 TUẦN 19 · "&TEXT(NGAY_BAT_DAU+126,"dd/mm/yyyy")&" – "&TEXT(NGAY_BAT_DAU+132,"dd/mm/yyyy")&" — Dòng tiền v2 · Kinh tế đơn vị · Giá hộ chiếu in │ 🎯 Mục tiêu: Biết chi phí mỗi người dùng/tháng, kênh CAC thấp nhất, và giá hộ chiếu in dự kiến. │ 💡 Cuối tuần biết được: C"&"hi phí/người/tháng; kênh CAC thấp nhất; giá hộ chiếu in." -> 📅 TUẦN 19 · 18/01/2027 – 24/01/2027 — Dòng tiền v2 · Kinh tế đơn vị · Giá hộ chiếu in │ 🎯 Mục tiêu: Biết chi phí mỗi người dùng/tháng, kênh CAC thấp nhất, và giá hộ chiếu in dự kiến. │ 💡 Cuối tuần biết được: Chi phí/người/tháng; kênh CAC thấp nhất; giá hộ chiếu in.
A17: 10 | B17: QUÝ 2 — GIAI ĐOẠN 2: BÁM DÍNH | C17: T19.1 Dòng tiền v2 + kinh tế đơn vị | D17: Tách chi biến đổi (đọc/ghi dữ liệu · lưu ảnh · lượt AI · lượt bản đồ) từ bảng điều khiển nhà cung cấp T9–T18 chia người hoạt động → đơn giá/người/tháng. Kịch bản 100/300/1.000 người. 3 kịch bản thu với giả định ghi rõ. CAC theo kênh = (giờ × giá giờ quy ước + tiền) / số kích hoạt. | F17: ĐP | G17: =NGAY_BAT_DAU+126 -> 46405 | H17: =NGAY_BAT_DAU+132 -> 46411 | I17: Chưa bắt đầu | J17: Sheet v2 + 1 trang đọc kết quả
A18: 11 | C18: T19.2 Giá hộ chiếu in | D18: Hỏi 3 nhà in (bìa cứng, ~40 trang, khổ hộ chiếu): giá 100/300/500 cuốn · bao bì · vận chuyển nội thành và tỉnh · cộng chi phí thiết kế. Đặt 3 thẻ giá = giá vốn ×2, ×3, ×4 làm tròn; đối chiếu thẻ giá đã hỏi ở T9–T10. | F18: TN | G18: =NGAY_BAT_DAU+126 -> 46405 | H18: =NGAY_BAT_DAU+132 -> 46411 | I18: Chưa bắt đầu | J18: Bảng giá vốn + 3 thẻ giá — thử thật ở T25
A19: 12 | C19: T19.3 Tính năng 2 | D19: Theo danh mục T14. | F19: SP | G19: =NGAY_BAT_DAU+126 -> 46405 | H19: =NGAY_BAT_DAU+132 -> 46411 | I19: Chưa bắt đầu | J19: Ra mắt
A20: 13 | C20: T19.4 Nội dung + chiến dịch tuần 3 | D20: Như T17–T18. | F20: TT | G20: =NGAY_BAT_DAU+126 -> 46405 | H20: =NGAY_BAT_DAU+132 -> 46411 | I20: Chưa bắt đầu | J20: +30 người
A21: ="📅 TUẦN 20 · "&TEXT(NGAY_BAT_DAU+133,"dd/mm/yyyy")&" – "&TEXT(NGAY_BAT_DAU+139,"dd/mm/yyyy")&" — Chuẩn bị Tết · Khảo sát Sean Ellis đợt 2 │ 🎯 Mục tiêu: Nội dung Tết lên lịch; khảo sát đợt 2; kế hoạch trực Tết. │ 💡 Cuối tuần biết được: Kết quả khảo sát đợt 2; nhóm biết"&" ai làm gì trong Tết." -> 📅 TUẦN 20 · 25/01/2027 – 31/01/2027 — Chuẩn bị Tết · Khảo sát Sean Ellis đợt 2 │ 🎯 Mục tiêu: Nội dung Tết lên lịch; khảo sát đợt 2; kế hoạch trực Tết. │ 💡 Cuối tuần biết được: Kết quả khảo sát đợt 2; nhóm biết ai làm gì trong Tết.
A22: 14 | B22: QUÝ 2 — GIAI ĐOẠN 2: BÁM DÍNH | C22: T20.1 Nội dung Tết | D22: 3–4 nội dung lên lịch T21–T22: «về quê đóng dấu tỉnh nhà» (giả thuyết) · «Tết đi đâu quanh Hà Nội» · «34 tỉnh — bạn đã về mấy quê»; kêu gọi chia sẻ con dấu tỉnh nhà. | F22: TT | G22: =NGAY_BAT_DAU+133 -> 46412 | H22: =NGAY_BAT_DAU+139 -> 46418 | I22: Chưa bắt đầu | J22: Lịch đăng + ai đăng
A23: 15 | C23: T20.2 Khảo sát Sean Ellis đợt 2 | D23: Người vào T17–T18 đã đủ 2 tuần dùng; gửi khảo sát; so sánh với đợt 1. | F23: ĐP | G23: =NGAY_BAT_DAU+133 -> 46412 | H23: =NGAY_BAT_DAU+139 -> 46418 | I23: Chưa bắt đầu | J23: Kết quả đợt 2 + bảng so sánh — đầu vào cổng Q2
A24: 16 | C24: T20.3 Tính năng 3 hoặc sửa lỗi | D24: Theo danh mục T14. | F24: SP | G24: =NGAY_BAT_DAU+133 -> 46412 | H24: =NGAY_BAT_DAU+139 -> 46418 | I24: Chưa bắt đầu
A25: 17 | C25: T20.4 Đối tác dịp Tết | D25: Hỏi 3 đối tác mở/đóng ngày nào → cập nhật; xác nhận lại lịch ưu đãi T23–T30. | F25: VH | G25: =NGAY_BAT_DAU+133 -> 46412 | H25: =NGAY_BAT_DAU+139 -> 46418 | I25: Chưa bắt đầu | J25: Ghi chú lịch đối tác dịp Tết
A26: 18 | C26: T20.5 Kế hoạch Tết cho nhóm | D26: T21–T22: ai gom số, ai trực lỗi; không họp hoặc họp 30'. | F26: ĐP | G26: =NGAY_BAT_DAU+133 -> 46412 | H26: =NGAY_BAT_DAU+139 -> 46418 | I26: Chưa bắt đầu | J26: Ghi trong biên bản
A27: ="📅 TUẦN 21 · "&TEXT(NGAY_BAT_DAU+140,"dd/mm/yyyy")&" – "&TEXT(NGAY_BAT_DAU+146,"dd/mm/yyyy")&" — TẾT (tuần đệm) — theo dõi số │ 🎯 Mục tiêu: Giữ nhịp tối thiểu, không xếp cược nặng. Tết Nguyên đán 2027 (06/02). │ 💡 Cuối tuần biết được: Hành vi dịp Tết — tỉnh nào được đ"&"óng dấu nhiều, chia sẻ có tăng không." -> 📅 TUẦN 21 · 01/02/2027 – 07/02/2027 — TẾT (tuần đệm) — theo dõi số │ 🎯 Mục tiêu: Giữ nhịp tối thiểu, không xếp cược nặng. Tết Nguyên đán 2027 (06/02). │ 💡 Cuối tuần biết được: Hành vi dịp Tết — tỉnh nào được đóng dấu nhiều, chia sẻ có tăng không.
A28: 19 | B28: QUÝ 2 — GIAI ĐOẠN 2: BÁM DÍNH | C28: T21.1 Gom số hằng ngày | D28: Sheet: mở app · con dấu · tỉnh được đóng · chia sẻ. | F28: ĐP | G28: =NGAY_BAT_DAU+140 -> 46419 | H28: =NGAY_BAT_DAU+146 -> 46425 | I28: Chưa bắt đầu | J28: Sheet 14 ngày (T21–T22)
A29: 20 | C29: T21.2 Trực lỗi chặn | D29: Chỉ xử lý lỗi chặn. | F29: SP | G29: =NGAY_BAT_DAU+140 -> 46419 | H29: =NGAY_BAT_DAU+146 -> 46425 | I29: Chưa bắt đầu | J29: Bảng lỗi
A30: 21 | C30: T21.3 Đăng theo lịch | D30: Nội dung Tết đã lên lịch ở T20. | F30: TT | G30: =NGAY_BAT_DAU+140 -> 46419 | H30: =NGAY_BAT_DAU+146 -> 46425 | I30: Chưa bắt đầu | J30: Link các bài đã đăng
A31: 22 | C31: T21.4 Nghỉ | D31: Kết chu kỳ 3 dời sang T23. | F31: ALL | G31: =NGAY_BAT_DAU+140 -> 46419 | H31: =NGAY_BAT_DAU+146 -> 46425 | I31: Chưa bắt đầu
A32: ="📅 TUẦN 22 · "&TEXT(NGAY_BAT_DAU+147,"dd/mm/yyyy")&" – "&TEXT(NGAY_BAT_DAU+153,"dd/mm/yyyy")&" — TẾT (tuần đệm) — nghỉ │ 🎯 Mục tiêu: Nghỉ Tết. Không họp hoặc họp 30'. │ 💡 Cuối tuần biết được: (gộp với T21)" -> 📅 TUẦN 22 · 08/02/2027 – 14/02/2027 — TẾT (tuần đệm) — nghỉ │ 🎯 Mục tiêu: Nghỉ Tết. Không họp hoặc họp 30'. │ 💡 Cuối tuần biết được: (gộp với T21)
A33: 23 | B33: QUÝ 2 — GIAI ĐOẠN 2: BÁM DÍNH | C33: T22.1 Tiếp tục gom số + trực lỗi | D33: Như T21. | F33: ĐP · SP | G33: =NGAY_BAT_DAU+147 -> 46426 | H33: =NGAY_BAT_DAU+153 -> 46432 | I33: Chưa bắt đầu | J33: Sheet số + bảng lỗi cập nhật
A34: ="📅 TUẦN 23 · "&TEXT(NGAY_BAT_DAU+154,"dd/mm/yyyy")&" – "&TEXT(NGAY_BAT_DAU+160,"dd/mm/yyyy")&" — NGUỘI · Kết chu kỳ 3 · Phân tích Tết · Phỏng vấn ở lại/bỏ │ 🎯 Mục tiêu: Kết C3; quay lại 30 ngày thật; biết điều gì giữ người. │ 💡 Cuối tuần biết được: Điều gì giữ người ở"&" lại — con dấu, bạn bè, hay lịch trình; quay lại 30 ngày thật." -> 📅 TUẦN 23 · 15/02/2027 – 21/02/2027 — NGUỘI · Kết chu kỳ 3 · Phân tích Tết · Phỏng vấn ở lại/bỏ │ 🎯 Mục tiêu: Kết C3; quay lại 30 ngày thật; biết điều gì giữ người. │ 💡 Cuối tuần biết được: Điều gì giữ người ở lại — con dấu, bạn bè, hay lịch trình; quay lại 30 ngày thật.
A35: 24 | B35: QUÝ 2 — GIAI ĐOẠN 2: BÁM DÍNH | C35: T23.1 Kết chu kỳ 3 | D35: (A) người hoạt động 1 trường so với 100–150; (B) 3 tính năng: số đo; (C) đối tác: số người dùng ưu đãi; trang khẩn cấp: số lượt mở. | F35: ALL | G35: =NGAY_BAT_DAU+154 -> 46433 | H35: =NGAY_BAT_DAU+160 -> 46439 | I35: Chưa bắt đầu | J35: Biên bản kết C3
A36: 25 | C36: T23.2 Tính quay lại 30 ngày | D36: Cohort T13–T17 → tỷ lệ; so với ngưỡng đặt ở T12; tách theo kênh và theo «quen/lạ». | F36: ĐP | G36: =NGAY_BAT_DAU+154 -> 46433 | H36: =NGAY_BAT_DAU+160 -> 46439 | I36: Chưa bắt đầu | J36: Bảng quay lại 30 ngày
A37: 26 | C37: T23.3 Phân tích hành vi Tết | D37: 5 dòng học được từ sheet Tết. | F37: ĐP · TT | G37: =NGAY_BAT_DAU+154 -> 46433 | H37: =NGAY_BAT_DAU+160 -> 46439 | I37: Chưa bắt đầu | J37: Ghi chú 5 dòng
A38: 27 | C38: T23.4 5 + 5 phỏng vấn (ở lại / bỏ) | D38: 5 người quay lại nhiều nhất: lần cuối mở để làm gì · bao lâu một lần · nếu mất thì thay bằng gì · đã kể cho ai. 5 người bỏ: như T13. | F38: TT | G38: =NGAY_BAT_DAU+154 -> 46433 | H38: =NGAY_BAT_DAU+160 -> 46439 | I38: Chưa bắt đầu | J38: 10 tệp + docs/01_/dieu-giu-nguoi.md
A39: 28 | C39: T23.5 Business.md 0.4 | D39: Cập nhật mục 2, 4.2, 5 (dòng tiền v2), 8.6. | F39: TN | G39: =NGAY_BAT_DAU+154 -> 46433 | H39: =NGAY_BAT_DAU+160 -> 46439 | I39: Chưa bắt đầu | J39: Tệp 0.4
A40: ="📅 TUẦN 24 · "&TEXT(NGAY_BAT_DAU+161,"dd/mm/yyyy")&" – "&TEXT(NGAY_BAT_DAU+167,"dd/mm/yyyy")&" — CỔNG QUÝ 2 · ADR pháp nhân · Bàn cược C4 │ 🎯 Mục tiêu: Qua cổng hay không; quyết định pháp nhân; Rocks Q3; ba cược C4. │ 💡 Cuối tuần biết được: Qua cổng hay không; pháp nh"&"ân khi nào và loại hình gì; cược C4." -> 📅 TUẦN 24 · 22/02/2027 – 28/02/2027 — CỔNG QUÝ 2 · ADR pháp nhân · Bàn cược C4 │ 🎯 Mục tiêu: Qua cổng hay không; quyết định pháp nhân; Rocks Q3; ba cược C4. │ 💡 Cuối tuần biết được: Qua cổng hay không; pháp nhân khi nào và loại hình gì; cược C4.
A41: 29 | B41: QUÝ 2 — GIAI ĐOẠN 2: BÁM DÍNH | C41: T24.1 Họp cổng 2 giờ | D41: Tiêu chí 2→3: Sean Ellis ≥ 40% (đợt 2) · quay lại 30 ngày ≥ ngưỡng · ≥ 100 người hoạt động · biết chi phí/người. Ba lối ra. Ra ADR. Rà ghế. | F41: ALL | G41: =NGAY_BAT_DAU+161 -> 46440 | H41: =NGAY_BAT_DAU+167 -> 46446 | I41: Chưa bắt đầu | J41: Biên bản cổng Q2 + ADR
A42: 30 | C42: T24.2 ADR pháp nhân | D42: Quyết định lập DN trong Q3 vì chuẩn bị bật thu (affiliate T28, hộ chiếu in T33) và ngưỡng mạng xã hội. Chốt: loại hình (đề xuất TNHH hai thành viên trở lên; cổ phần nếu định gọi vốn trong 12 tháng) · ai góp bao nhiêu (vốn điều lệ đủ chi 6 tháng cố định) · tên có «Levart» · địa chỉ · người đại diện. | F42: ĐP · TN | G42: =NGAY_BAT_DAU+161 -> 46440 | H42: =NGAY_BAT_DAU+167 -> 46446 | I42: Chưa bắt đầu | J42: ADR cửa một chiều có chữ ký
A43: 31 | C43: T24.3 Chốt Rocks Q3 | D43: Đề xuất: pháp nhân + kế toán chạy · doanh thu đầu > 0 từ 2 dòng · K đo được · mạng thứ 2 khởi động. | F43: ĐP | G43: =NGAY_BAT_DAU+161 -> 46440 | H43: =NGAY_BAT_DAU+167 -> 46446 | I43: Chưa bắt đầu | J43: Rocks trong Phụ lục E
A44: 32 | C44: T24.4 Bàn cược C4 (T25–T30) | D44: (A) đặt trước hộ chiếu in: ≥ X đăng ký trong 4 tuần; (B) ghép nhóm đi chung thủ công 1 chuyến 6–8 người; (C) affiliate: đo lượt bấm (chưa nhận tiền) + nội dung 1 kênh thắng 3 bài/tuần. | F44: ALL | G44: =NGAY_BAT_DAU+161 -> 46440 | H44: =NGAY_BAT_DAU+167 -> 46446 | I44: Chưa bắt đầu | J44: 3 thẻ cược C4

Sheet C4_T25-32
A1: C4 · CHU KỲ 4 — Pháp nhân & doanh thu đầu tiên
A2: ="Tuần 25 – 32 │ "&TEXT(NGAY_BAT_DAU+168,"dd/mm/yyyy")&" → "&TEXT(NGAY_BAT_DAU+223,"dd/mm/yyyy")&" │ 6 tuần làm (T25–T30) + 2 tuần nguội (T31–T32) │ QUÝ 3 — GIAI ĐOẠN 3: LAN TRUYỀN & CHUẨN BỊ DOANH THU" -> Tuần 25 – 32 │ 01/03/2027 → 25/04/2027 │ 6 tuần làm (T25–T30) + 2 tuần nguội (T31–T32) │ QUÝ 3 — GIAI ĐOẠN 3: LAN TRUYỀN & CHUẨN BỊ DOANH THU
A4: STT | B4: Giai đoạn / Phase | C4: Đầu mục / Task | D4: Phân việc chi tiết / Subtask | E4: Mục đích / Purpose | F4: Ghế / PIC | G4: Ngày bắt đầu Start Date | H4: Ngày kết thúc End Date | I4: Trạng thái / Status | J4: Tiêu chí hoàn thành / Output | K4: Ghi chú / Note
A5: ="📅 TUẦN 25 · "&TEXT(NGAY_BAT_DAU+168,"dd/mm/yyyy")&" – "&TEXT(NGAY_BAT_DAU+174,"dd/mm/yyyy")&" — Đặt trước hộ chiếu in · Hồ sơ DN · Mời chuyến đi chung │ 🎯 Mục tiêu: Trang đặt trước sống; hồ sơ DN đủ; nhóm đi chung đủ người; cơ chế mời có. │ 💡 Cuối tuần biết được: Tỷ "&"lệ xem → đăng ký ngày đầu; nhóm đi chung đã đủ người." -> 📅 TUẦN 25 · 01/03/2027 – 07/03/2027 — Đặt trước hộ chiếu in · Hồ sơ DN · Mời chuyến đi chung │ 🎯 Mục tiêu: Trang đặt trước sống; hồ sơ DN đủ; nhóm đi chung đủ người; cơ chế mời có. │ 💡 Cuối tuần biết được: Tỷ lệ xem → đăng ký ngày đầu; nhóm đi chung đã đủ người.
A6: 1 | B6: QUÝ 3 — GIAI ĐOẠN 3: LAN TRUYỀN & CHUẨN BỊ DOANH THU | C6: T25.1 Trang đặt trước hộ chiếu in | D6: Trang tĩnh: ảnh hộ chiếu in mẫu (dựng từ thiết kế), giá thật (thẻ chọn từ T19), nút «đăng ký nhận khi có» (form: tên · SĐT · tỉnh đã đi) — KHÔNG thu tiền vì chưa có DN. Nút trong app dẫn tới trang. Đo lượt xem và lượt đăng ký theo ngày. | F6: TT · TN | G6: =NGAY_BAT_DAU+168 -> 46447 | H6: =NGAY_BAT_DAU+174 -> 46453 | I6: Chưa bắt đầu | J6: Trang live + bảng số theo ngày
A7: 2 | C7: T25.2 Hồ sơ doanh nghiệp | D7: Với luật sư/dịch vụ đăng ký: giấy đề nghị · điều lệ · danh sách thành viên · CCCD · địa chỉ · mã ngành (KHÔNG đăng ký điều hành tour) · kiểm tên trên Cổng đăng ký. Rà đủ để nộp T26. | F7: ĐP | G7: =NGAY_BAT_DAU+168 -> 46447 | H7: =NGAY_BAT_DAU+174 -> 46453 | I7: Chưa bắt đầu | J7: Bộ hồ sơ đủ, đã rà
A8: 3 | C8: T25.3 Mời chuyến đi chung thủ công | D8: 6–8 người quen-của-quen chưa biết nhau, cùng đầu cầu; chuyến 2 ngày cuối tuần T27 tới tỉnh mục tiêu; lập nhóm chat. Levart chỉ GIỚI THIỆU + gợi lịch trình từ app; họ tự đặt, tự trả. VH đi cùng quan sát (trả phần mình). Chuẩn bị bảng quan sát. | F8: VH | G8: =NGAY_BAT_DAU+168 -> 46447 | H8: =NGAY_BAT_DAU+174 -> 46453 | I8: Chưa bắt đầu | J8: 6–8 người xác nhận, ngày chốt — kết nối, KHÔNG tổ chức (tránh kinh doanh lữ hành)
A9: 4 | C9: T25.4 Cơ chế chia sẻ con dấu / mời bạn | D9: Nếu chưa có: link chia sẻ có mã người mời; đo nguồn cài từ link. | F9: SP | G9: =NGAY_BAT_DAU+168 -> 46447 | H9: =NGAY_BAT_DAU+174 -> 46453 | I9: Chưa bắt đầu | J9: Ra mắt + đo được nguồn
A10: ="📅 TUẦN 26 · "&TEXT(NGAY_BAT_DAU+175,"dd/mm/yyyy")&" – "&TEXT(NGAY_BAT_DAU+181,"dd/mm/yyyy")&" — Nộp hồ sơ DN · Chọn kế toán · 10 creator │ 🎯 Mục tiêu: Hồ sơ nộp; kế toán chọn; K sơ bộ; 10 creator có liên hệ. │ 💡 Cuối tuần biết được: DN đến đâu; K sơ bộ; creator phản "&"hồi thế nào." -> 📅 TUẦN 26 · 08/03/2027 – 14/03/2027 — Nộp hồ sơ DN · Chọn kế toán · 10 creator │ 🎯 Mục tiêu: Hồ sơ nộp; kế toán chọn; K sơ bộ; 10 creator có liên hệ. │ 💡 Cuối tuần biết được: DN đến đâu; K sơ bộ; creator phản hồi thế nào.
A11: 5 | B11: QUÝ 3 — GIAI ĐOẠN 3: LAN TRUYỀN & CHUẨN BỊ DOANH THU | C11: T26.1 Nộp hồ sơ doanh nghiệp | D11: Nộp trực tuyến hoặc qua dịch vụ; theo dõi. Khi có giấy chứng nhận: khắc dấu · chữ ký số · tài khoản ngân hàng DN · đăng ký thuế ban đầu (kế toán hướng dẫn). | F11: ĐP | G11: =NGAY_BAT_DAU+175 -> 46454 | H11: =NGAY_BAT_DAU+181 -> 46460 | I11: Chưa bắt đầu | J11: GCN hoặc trạng thái hồ sơ có ngày
A12: 6 | C12: T26.2 3 báo giá kế toán dịch vụ | D12: Tiêu chí: kinh nghiệm DN công nghệ/TMĐT · hoá đơn điện tử · phí/tháng · phản hồi ≤ 24 giờ · cam kết hạn kê khai. Chọn tại họp tuần. | F12: ĐP | G12: =NGAY_BAT_DAU+175 -> 46454 | H12: =NGAY_BAT_DAU+181 -> 46460 | I12: Chưa bắt đầu | J12: Bảng 3 dòng + quyết định
A13: 7 | C13: T26.3 Chuẩn bị affiliate đứng tên DN | D13: Điền sẵn hồ sơ 2 chương trình (lưu trú, vé); chờ GCN; đọc quy tắc đặt link trong app. | F13: VH | G13: =NGAY_BAT_DAU+175 -> 46454 | H13: =NGAY_BAT_DAU+181 -> 46460 | I13: Chưa bắt đầu | J13: Hồ sơ sẵn chờ GCN
A14: 8 | C14: T26.4 Đo hệ số mời K | D14: K = số cài từ link mời / số người hoạt động đã gửi link; ghi theo tuần. | F14: TT | G14: =NGAY_BAT_DAU+175 -> 46454 | H14: =NGAY_BAT_DAU+181 -> 46460 | I14: Chưa bắt đầu | J14: Cột K trong bảng số
A15: 9 | C15: T26.5 Danh sách 10 creator | D15: Tiêu chí: 1–10 nghìn người theo dõi · đăng du lịch nội địa đều · tinh thần «đi đủ» · phản hồi thật. Nguồn: cohort, tìm hashtag tỉnh. Bảng: tên · kênh · follower · nội dung điển hình · liên hệ · đề xuất đổi (hộ chiếu in mẫu + khung + sticker). Nhắn 5 người. | F15: TN | G15: =NGAY_BAT_DAU+175 -> 46454 | H15: =NGAY_BAT_DAU+181 -> 46460 | I15: Chưa bắt đầu | J15: 10 dòng, 5 đã nhắn — ĐỔI SẢN PHẨM, không trả tiền
A16: ="📅 TUẦN 27 · "&TEXT(NGAY_BAT_DAU+182,"dd/mm/yyyy")&" – "&TEXT(NGAY_BAT_DAU+188,"dd/mm/yyyy")&" — Chuyến đi chung thủ công #1 · Kế toán vào việc │ 🎯 Mục tiêu: Biết điều kiện tin cậy tối thiểu; kế toán chạy; 5 creator đăng bài. │ 💡 Cuối tuần biết được: Điều kiện tin cậy"&" tối thiểu để đi cùng người lạ; kế toán đã chạy." -> 📅 TUẦN 27 · 15/03/2027 – 21/03/2027 — Chuyến đi chung thủ công #1 · Kế toán vào việc │ 🎯 Mục tiêu: Biết điều kiện tin cậy tối thiểu; kế toán chạy; 5 creator đăng bài. │ 💡 Cuối tuần biết được: Điều kiện tin cậy tối thiểu để đi cùng người lạ; kế toán đã chạy.
A17: 10 | B17: QUÝ 3 — GIAI ĐOẠN 3: LAN TRUYỀN & CHUẨN BỊ DOANH THU | C17: T27.1 Quan sát chuyến đi chung | D17: TRƯỚC: câu họ hỏi nhau, thời gian chat trước khi đồng ý. TRONG: ai dẫn, xung đột gì, chia chi phí thế nào. SAU: có hẹn đi tiếp không, đánh giá nhau. Phỏng vấn nhanh 5 người sau chuyến: điều kiện để đi lại với người lạ. | F17: VH | G17: =NGAY_BAT_DAU+182 -> 46461 | H17: =NGAY_BAT_DAU+188 -> 46467 | I17: Chưa bắt đầu | J17: Tệp ghi chép + 5 phỏng vấn — đầu vào ADR T31
A18: 11 | C18: T27.2 Kế toán vào việc | D18: Ký hợp đồng; giao GCN, điều lệ, tài khoản; đăng ký hoá đơn điện tử; kê khai ban đầu; chuyển sổ quỹ sang bảng kế toán. Quy ước: mọi chi có hoá đơn/chứng từ; lịch gửi chứng từ hằng tháng. Hỏi điều kiện và cách ghi nhận miễn thuế TNDN 3 năm. | F18: ĐP | G18: =NGAY_BAT_DAU+182 -> 46461 | H18: =NGAY_BAT_DAU+188 -> 46467 | I18: Chưa bắt đầu | J18: Hợp đồng + lịch làm việc hằng tháng
A19: 12 | C19: T27.3 5 creator nhận sản phẩm và đăng | D19: Gửi hộ chiếu in mẫu/khung/sticker; hướng dẫn 1 trang: nội dung tự do nhưng phải có con dấu + link; xin phép dùng lại nội dung. Theo dõi bài. | F19: TT | G19: =NGAY_BAT_DAU+182 -> 46461 | H19: =NGAY_BAT_DAU+188 -> 46467 | I19: Chưa bắt đầu | J19: 5 bài đã lên, có link
A20: 13 | C20: T27.4 Đặt trước tuần 3 | D20: Đếm số đăng ký; nếu chậm thì đổi ảnh hoặc giá trên trang (A/B đơn giản, mỗi lần 1 biến). | F20: TN | G20: =NGAY_BAT_DAU+182 -> 46461 | H20: =NGAY_BAT_DAU+188 -> 46467 | I20: Chưa bắt đầu | J20: Bảng số đặt trước
A21: 14 | C21: T27.5 Nội dung kênh thắng | D21: 3 bài/tuần. | F21: TT | G21: =NGAY_BAT_DAU+182 -> 46461 | H21: =NGAY_BAT_DAU+188 -> 46467 | I21: Chưa bắt đầu
A22: ="📅 TUẦN 28 · "&TEXT(NGAY_BAT_DAU+189,"dd/mm/yyyy")&" – "&TEXT(NGAY_BAT_DAU+195,"dd/mm/yyyy")&" — Hồ sơ mạng xã hội · Bật affiliate · Xác thực SĐT │ 🎯 Mục tiêu: Hồ sơ mạng xã hội ở trạng thái rõ ràng; affiliate chạy hợp pháp; chính sách xác thực công bố. │ 💡 Cuối tuần "&"biết được: Hồ sơ mạng xã hội đang ở đâu; lượt bấm affiliate mỗi ngày." -> 📅 TUẦN 28 · 22/03/2027 – 28/03/2027 — Hồ sơ mạng xã hội · Bật affiliate · Xác thực SĐT │ 🎯 Mục tiêu: Hồ sơ mạng xã hội ở trạng thái rõ ràng; affiliate chạy hợp pháp; chính sách xác thực công bố. │ 💡 Cuối tuần biết được: Hồ sơ mạng xã hội đang ở đâu; lượt bấm affiliate mỗi ngày.
A23: 15 | B23: QUÝ 3 — GIAI ĐOẠN 3: LAN TRUYỀN & CHUẨN BỊ DOANH THU | C23: T28.1 Hồ sơ mạng xã hội | D23: Cùng người hiểu luật: kiểm số người dùng thường xuyên/tháng và lượt truy cập. DƯỚI ngưỡng: nộp thông báo nếu luật sư xác nhận cần (hồ sơ: DN, tên miền, mô tả dịch vụ, quy chế). TIẾN GẦN ngưỡng: chuẩn bị hồ sơ giấy phép (nhân sự, kỹ thuật, quy trình kiểm duyệt). | F23: ĐP | G23: =NGAY_BAT_DAU+189 -> 46468 | H23: =NGAY_BAT_DAU+195 -> 46474 | I23: Chưa bắt đầu | J23: Biên nhận hoặc kế hoạch giấy phép có hạn
A24: 16 | C24: T28.2 Chính sách xác thực số điện thoại | D24: Khách ẩn danh: CHỈ XEM. Đăng bài/bình luận: phải xác thực SĐT. Công bố trong điều khoản; SP triển khai theo status.md. | F24: ĐP · SP | G24: =NGAY_BAT_DAU+189 -> 46468 | H24: =NGAY_BAT_DAU+195 -> 46474 | I24: Chưa bắt đầu | J24: Điều khoản cập nhật + tính năng lên lịch
A25: 17 | C25: T28.3 Bật link affiliate | D25: Tài khoản DN được duyệt → đặt link trong màn gợi ý lưu trú/vé cho tỉnh mục tiêu (2 dịch vụ); gắn nhãn «liên kết đối tác» minh bạch; đo bấm → đặt qua báo cáo chương trình. | F25: VH | G25: =NGAY_BAT_DAU+189 -> 46468 | H25: =NGAY_BAT_DAU+195 -> 46474 | I25: Chưa bắt đầu | J25: Link sống + cột bấm/đặt trong bảng số
A26: 18 | C26: T28.4 Creator tuần 2 · đặt trước tuần 4 | D26: Tiếp tục theo T26–T27. | F26: TT · TN | G26: =NGAY_BAT_DAU+189 -> 46468 | H26: =NGAY_BAT_DAU+195 -> 46474 | I26: Chưa bắt đầu
A27: ="📅 TUẦN 29 · "&TEXT(NGAY_BAT_DAU+196,"dd/mm/yyyy")&" – "&TEXT(NGAY_BAT_DAU+202,"dd/mm/yyyy")&" — Đo K · Doanh thu đầu tiên · Quyết định in lô 1 │ 🎯 Mục tiêu: Dòng tiền có số thật; quyết định in hay hoãn; tỉnh 2 khởi động. │ 💡 Cuối tuần biết được: Doanh thu đầu tiên đế"&"n từ đâu; in hay hoãn." -> 📅 TUẦN 29 · 29/03/2027 – 04/04/2027 — Đo K · Doanh thu đầu tiên · Quyết định in lô 1 │ 🎯 Mục tiêu: Dòng tiền có số thật; quyết định in hay hoãn; tỉnh 2 khởi động. │ 💡 Cuối tuần biết được: Doanh thu đầu tiên đến từ đâu; in hay hoãn.
A28: 19 | B28: QUÝ 3 — GIAI ĐOẠN 3: LAN TRUYỀN & CHUẨN BỊ DOANH THU | C28: T29.1 Bảng số + dòng tiền v3 | D28: K (T26–T29) · bấm → đặt affiliate · doanh thu affiliate ước tính từ báo cáo chương trình · số đăng ký hộ chiếu. Thay giả định trong v2 bằng số thật. | F28: ĐP | G28: =NGAY_BAT_DAU+196 -> 46475 | H28: =NGAY_BAT_DAU+202 -> 46481 | I28: Chưa bắt đầu | J28: Sheet dòng tiền v3
A29: 20 | C29: T29.2 Quyết định lô in 1 | D29: Quy tắc: in nếu đăng ký ≥ mức tối thiểu nhà in (100?) hoặc nhóm chấp nhận tồn ≤ 30%. Chọn nhà in, ký báo giá, lịch giao T33. Chuẩn bị thu tiền qua DN (chuyển khoản/ví, hoá đơn). | F29: TN | G29: =NGAY_BAT_DAU+196 -> 46475 | H29: =NGAY_BAT_DAU+202 -> 46481 | I29: Chưa bắt đầu | J29: ADR lô 1 + hợp đồng in, hoặc quyết định hoãn có lý do
A30: 21 | C30: T29.3 Đối tác tỉnh 2 | D30: Chọn tỉnh 2 theo dữ liệu nơi cohort đóng dấu nhiều thứ 2; lập 10 tên; gọi 5 theo kịch bản T3 (lần này có kết quả tỉnh 1 để kể). | F30: VH | G30: =NGAY_BAT_DAU+196 -> 46475 | H30: =NGAY_BAT_DAU+202 -> 46481 | I30: Chưa bắt đầu | J30: Bảng 10 + 5 ghi chú cuộc gọi
A31: 22 | C31: T29.4 Nội dung | D31: 3 bài/tuần kênh thắng. | F31: TT | G31: =NGAY_BAT_DAU+196 -> 46475 | H31: =NGAY_BAT_DAU+202 -> 46481 | I31: Chưa bắt đầu
A32: ="📅 TUẦN 30 · "&TEXT(NGAY_BAT_DAU+203,"dd/mm/yyyy")&" – "&TEXT(NGAY_BAT_DAU+209,"dd/mm/yyyy")&" — Kết chu kỳ 4 · Đặt in lô 1 │ 🎯 Mục tiêu: Kết 3 cược C4; lô 1 vào xưởng; thử ưu đãi mời bạn. │ 💡 Cuối tuần biết được: Kết quả C4; lô 1 đang in." -> 📅 TUẦN 30 · 05/04/2027 – 11/04/2027 — Kết chu kỳ 4 · Đặt in lô 1 │ 🎯 Mục tiêu: Kết 3 cược C4; lô 1 vào xưởng; thử ưu đãi mời bạn. │ 💡 Cuối tuần biết được: Kết quả C4; lô 1 đang in.
A33: 23 | B33: QUÝ 3 — GIAI ĐOẠN 3: LAN TRUYỀN & CHUẨN BỊ DOANH THU | C33: T30.1 Đặt in lô 1 | D33: Duyệt bản in thử, sửa, xác nhận; chốt lịch giao T33. | F33: TN · VH | G33: =NGAY_BAT_DAU+203 -> 46482 | H33: =NGAY_BAT_DAU+209 -> 46488 | I33: Chưa bắt đầu | J33: Đơn in đã đặt
A34: 24 | C34: T30.2 Thử ưu đãi mời bạn | D34: 2 tuần: người mời được khung/sticker khi bạn mình đóng dấu đầu; đo K trước và sau. | F34: TT | G34: =NGAY_BAT_DAU+203 -> 46482 | H34: =NGAY_BAT_DAU+209 -> 46488 | I34: Chưa bắt đầu | J34: Thiết lập + số nền để so sánh
A35: 25 | C35: T30.3 Kết 3 cược C4 | D35: (A) số đăng ký so mục tiêu; (B) chuyến đi chung: học được gì; (C) affiliate bấm/đặt; kênh thắng số bao nhiêu. | F35: ALL | G35: =NGAY_BAT_DAU+203 -> 46482 | H35: =NGAY_BAT_DAU+209 -> 46488 | I35: Chưa bắt đầu | J35: Biên bản kết C4
A36: 26 | C36: T30.4 Sửa lỗi | F36: SP | G36: =NGAY_BAT_DAU+203 -> 46482 | H36: =NGAY_BAT_DAU+209 -> 46488 | I36: Chưa bắt đầu
A37: ="📅 TUẦN 31 · "&TEXT(NGAY_BAT_DAU+210,"dd/mm/yyyy")&" – "&TEXT(NGAY_BAT_DAU+216,"dd/mm/yyyy")&" — NGUỘI · Kết luận people connection · Business.md 0.5 │ 🎯 Mục tiêu: Chốt hướng ghép nhóm đi chung; tài liệu cập nhật; rủi ro quý có tiền thật. │ 💡 Cuối tuần biết được: Hướn"&"g people connection; rủi ro mới của quý có tiền thật." -> 📅 TUẦN 31 · 12/04/2027 – 18/04/2027 — NGUỘI · Kết luận people connection · Business.md 0.5 │ 🎯 Mục tiêu: Chốt hướng ghép nhóm đi chung; tài liệu cập nhật; rủi ro quý có tiền thật. │ 💡 Cuối tuần biết được: Hướng people connection; rủi ro mới của quý có tiền thật.
A38: 27 | B38: QUÝ 3 — GIAI ĐOẠN 3: LAN TRUYỀN & CHUẨN BỊ DOANH THU | C38: T31.1 Kết luận people connection | D38: Dữ liệu: phỏng vấn lần 1 (ai muốn), lần 2 (điều kiện), chuyến #1 (thực tế), giờ VH đã bỏ ra. 3 lựa chọn: (1) làm tính năng — điều kiện tối thiểu: xác thực SĐT, hồ sơ, bạn chung, báo cáo/chặn, nhóm cùng giới, chia sẻ vị trí; (2) dịch vụ thủ công 1 chuyến/tháng; (3) đỗ lại. | F38: ALL (VH trình) | G38: =NGAY_BAT_DAU+210 -> 46489 | H38: =NGAY_BAT_DAU+216 -> 46495 | I38: Chưa bắt đầu | J38: ADR ghép nhóm
A39: 28 | C39: T31.2 Business.md 0.5 | D39: Mục 5 với số thật (bấm, đặt, đăng ký), mục 6.5 kết luận, mục 8.6. | F39: TN | G39: =NGAY_BAT_DAU+210 -> 46489 | H39: =NGAY_BAT_DAU+216 -> 46495 | I39: Chưa bắt đầu | J39: Tệp 0.5
A40: 29 | C40: T31.3 Rà sổ rủi ro Q3 | D40: Thêm: kê khai trễ · hoa hồng bị giữ · hàng in lỗi · đối tác thất hứa; chấm điểm lại toàn bộ. | F40: ĐP | G40: =NGAY_BAT_DAU+210 -> 46489 | H40: =NGAY_BAT_DAU+216 -> 46495 | I40: Chưa bắt đầu | J40: Sổ rủi ro cập nhật
A41: 30 | C41: T31.4 Bù giờ | D41: Tuần nguội. | F41: ALL | G41: =NGAY_BAT_DAU+210 -> 46489 | H41: =NGAY_BAT_DAU+216 -> 46495 | I41: Chưa bắt đầu
A42: ="📅 TUẦN 32 · "&TEXT(NGAY_BAT_DAU+217,"dd/mm/yyyy")&" – "&TEXT(NGAY_BAT_DAU+223,"dd/mm/yyyy")&" — NGUỘI · Bàn cược C5 · Chuẩn bị giao hàng │ 🎯 Mục tiêu: Ba đến bốn cược C5; kế hoạch trường 2; danh sách đơn xác nhận. │ 💡 Cuối tuần biết được: Cược C5; số đơn xác nhận thậ"&"t." -> 📅 TUẦN 32 · 19/04/2027 – 25/04/2027 — NGUỘI · Bàn cược C5 · Chuẩn bị giao hàng │ 🎯 Mục tiêu: Ba đến bốn cược C5; kế hoạch trường 2; danh sách đơn xác nhận. │ 💡 Cuối tuần biết được: Cược C5; số đơn xác nhận thật.
A43: 31 | B43: QUÝ 3 — GIAI ĐOẠN 3: LAN TRUYỀN & CHUẨN BỊ DOANH THU | C43: T32.1 Bàn cược C5 (T33–T38) | D43: (A) mạng nguyên tử 2: trường 2 (hoặc tỉnh 2 theo nguồn cầu) — 100 người trong 6 tuần, đo thời gian; (B) giao lô 1 + hài lòng ≥ 8/10 + nội dung mở hộp từ khách; (C) mời bạn trong app + creator 10–20; (D) theo ADR T31. Kiểm điểm Rocks Q3. | F43: ALL | G43: =NGAY_BAT_DAU+217 -> 46496 | H43: =NGAY_BAT_DAU+223 -> 46502 | I43: Chưa bắt đầu | J43: 3–4 thẻ cược C5
A44: 32 | C44: T32.2 Kế hoạch trường 2 | D44: Lặp lại kế hoạch T16: CLB, nhóm, MỘT đại sứ trong trường 2; ngày bắt đầu T34. | F44: TT | G44: =NGAY_BAT_DAU+217 -> 46496 | H44: =NGAY_BAT_DAU+223 -> 46502 | I44: Chưa bắt đầu | J44: Kế hoạch trường 2
A45: 33 | C45: T32.3 Chuẩn bị giao hàng | D45: Danh sách đăng ký → xác nhận mua (giá, cách trả, địa chỉ); phương thức giao (gặp tại trường / ship); hoá đơn qua kế toán. | F45: VH | G45: =NGAY_BAT_DAU+217 -> 46496 | H45: =NGAY_BAT_DAU+223 -> 46502 | I45: Chưa bắt đầu | J45: Danh sách đơn xác nhận

Sheet C5_T33-40
A1: C5 · CHU KỲ 5 — Mạng nguyên tử thứ 2
A2: ="Tuần 33 – 40 │ "&TEXT(NGAY_BAT_DAU+224,"dd/mm/yyyy")&" → "&TEXT(NGAY_BAT_DAU+279,"dd/mm/yyyy")&" │ 6 tuần làm (T33–T38) + 2 tuần nguội (T39–T40, trùng kỳ thi) │ QUÝ 3 — GIAI ĐOẠN 3: LAN TRUYỀN & CHUẨN BỊ DOANH THU" -> Tuần 33 – 40 │ 26/04/2027 → 20/06/2027 │ 6 tuần làm (T33–T38) + 2 tuần nguội (T39–T40, trùng kỳ thi) │ QUÝ 3 — GIAI ĐOẠN 3: LAN TRUYỀN & CHUẨN BỊ DOANH THU
A4: STT | B4: Giai đoạn / Phase | C4: Đầu mục / Task | D4: Phân việc chi tiết / Subtask | E4: Mục đích / Purpose | F4: Ghế / PIC | G4: Ngày bắt đầu Start Date | H4: Ngày kết thúc End Date | I4: Trạng thái / Status | J4: Tiêu chí hoàn thành / Output | K4: Ghi chú / Note
A5: ="📅 TUẦN 33 · "&TEXT(NGAY_BAT_DAU+224,"dd/mm/yyyy")&" – "&TEXT(NGAY_BAT_DAU+230,"dd/mm/yyyy")&" — Giao lô 1 · Kê khai thuế quý đầu · Rà Luật TMĐT │ 🎯 Mục tiêu: Hàng đến tay khách; nghĩa vụ thuế kỳ đầu hoàn thành; biết nghĩa vụ TMĐT. │ 💡 Cuối tuần biết được: Hài lòng ng"&"ười mua; chi phí kế toán + thuế chiếm bao nhiêu % doanh thu." -> 📅 TUẦN 33 · 26/04/2027 – 02/05/2027 — Giao lô 1 · Kê khai thuế quý đầu · Rà Luật TMĐT │ 🎯 Mục tiêu: Hàng đến tay khách; nghĩa vụ thuế kỳ đầu hoàn thành; biết nghĩa vụ TMĐT. │ 💡 Cuối tuần biết được: Hài lòng người mua; chi phí kế toán + thuế chiếm bao nhiêu % doanh thu.
A6: 1 | B6: QUÝ 3 — GIAI ĐOẠN 3: LAN TRUYỀN & CHUẨN BỊ DOANH THU | C6: T33.1 Giao hộ chiếu in | D6: Giao trực tiếp hoặc ship; tiền vào tài khoản DN; kế toán xuất hoá đơn. Ghi từng đơn: ngày giao · phản hồi · ảnh (xin phép). | F6: VH | G6: =NGAY_BAT_DAU+224 -> 46503 | H6: =NGAY_BAT_DAU+230 -> 46509 | I6: Chưa bắt đầu | J6: Bảng đơn hoàn tất
A7: 2 | C7: T33.2 Kê khai thuế kỳ đầu | D7: Cùng kế toán: GTGT, TNDN tạm tính quý; kiểm việc ghi nhận miễn TNDN; đối chiếu chứng từ; nộp đúng hạn (kế toán xác nhận hạn). | F7: ĐP | G7: =NGAY_BAT_DAU+224 -> 46503 | H7: =NGAY_BAT_DAU+230 -> 46509 | I7: Chưa bắt đầu | J7: Tờ khai + biên nhận
A8: 3 | C8: T33.3 Rà Luật Thương mại điện tử | D8: 30' với người hiểu luật: bán hộ chiếu trong app (Levart là người bán trên nền tảng của mình) khác gì bán qua sàn — nghĩa vụ thông tin, hoá đơn, đổi trả; link affiliate có phải nền tảng trung gian không. | F8: ĐP | G8: =NGAY_BAT_DAU+224 -> 46503 | H8: =NGAY_BAT_DAU+230 -> 46509 | I8: Chưa bắt đầu | J8: Ghi chú pháp lý
A9: 4 | C9: T33.4 Nội dung mở hộp | D9: Xin 5 khách quay video hoặc chụp ảnh; đăng; đo hiệu quả. | F9: TT | G9: =NGAY_BAT_DAU+224 -> 46503 | H9: =NGAY_BAT_DAU+230 -> 46509 | I9: Chưa bắt đầu | J9: Link nội dung mở hộp
A10: ="📅 TUẦN 34 · "&TEXT(NGAY_BAT_DAU+231,"dd/mm/yyyy")&" – "&TEXT(NGAY_BAT_DAU+237,"dd/mm/yyyy")&" — Mạng nguyên tử thứ 2 │ 🎯 Mục tiêu: Chứng minh cách khởi động lặp lại được ở trường/tỉnh thứ hai. │ 💡 Cuối tuần biết được: Mạng 2 khởi động nhanh hay chậm hơn mạng 1, và vì"&" sao (đại sứ, mùa, nội dung)." -> 📅 TUẦN 34 · 03/05/2027 – 09/05/2027 — Mạng nguyên tử thứ 2 │ 🎯 Mục tiêu: Chứng minh cách khởi động lặp lại được ở trường/tỉnh thứ hai. │ 💡 Cuối tuần biết được: Mạng 2 khởi động nhanh hay chậm hơn mạng 1, và vì sao (đại sứ, mùa, nội dung).
A11: 5 | B11: QUÝ 3 — GIAI ĐOẠN 3: LAN TRUYỀN & CHUẨN BỊ DOANH THU | C11: T34.1 Chiến dịch trường 2 | D11: Làm y như trường 1: đại sứ đăng 5 nhóm, link riêng; đo ngày đạt 30/60/100 người; so sánh với trường 1. | F11: TT | G11: =NGAY_BAT_DAU+231 -> 46510 | H11: =NGAY_BAT_DAU+237 -> 46516 | I11: Chưa bắt đầu | J11: Bảng tiến độ theo ngày
A12: 6 | C12: T34.2 3 đối tác tỉnh 2 lên app | D12: Ưu đãi hoặc con dấu đối tác; sticker; hướng dẫn 1 trang. | F12: VH | G12: =NGAY_BAT_DAU+231 -> 46510 | H12: =NGAY_BAT_DAU+237 -> 46516 | I12: Chưa bắt đầu | J12: 3 đối tác hoạt động
A13: 7 | C13: T34.3 Mời bạn trong app — đo K | F13: SP · TT | G13: =NGAY_BAT_DAU+231 -> 46510 | H13: =NGAY_BAT_DAU+237 -> 46516 | I13: Chưa bắt đầu | J13: Cột K cập nhật
A14: 8 | C14: T34.4 Bảng số tách 2 mạng | D14: Kích hoạt, quay lại, K theo từng mạng. | F14: ĐP | G14: =NGAY_BAT_DAU+231 -> 46510 | H14: =NGAY_BAT_DAU+237 -> 46516 | I14: Chưa bắt đầu | J14: Bảng số tách mạng 1 / mạng 2
A15: ="📅 TUẦN 35 · "&TEXT(NGAY_BAT_DAU+238,"dd/mm/yyyy")&" – "&TEXT(NGAY_BAT_DAU+244,"dd/mm/yyyy")&" — Creator 10–20 · Kế hoạch hè · Hồ sơ cuộc thi │ 🎯 Mục tiêu: Mở rộng creator có hợp đồng; kế hoạch mùa cao điểm; biết lịch cuộc thi. │ 💡 Cuối tuần biết được: Creator đã ký; "&"kế hoạch hè; lịch cuộc thi." -> 📅 TUẦN 35 · 10/05/2027 – 16/05/2027 — Creator 10–20 · Kế hoạch hè · Hồ sơ cuộc thi │ 🎯 Mục tiêu: Mở rộng creator có hợp đồng; kế hoạch mùa cao điểm; biết lịch cuộc thi. │ 💡 Cuối tuần biết được: Creator đã ký; kế hoạch hè; lịch cuộc thi.
A16: 9 | B16: QUÝ 3 — GIAI ĐOẠN 3: LAN TRUYỀN & CHUẨN BỊ DOANH THU | C16: T35.1 Creator đợt 2 (10–20 người) | D16: Chọn từ danh sách + người tự đến. Hợp đồng ngắn 1 trang: đổi sản phẩm · nội dung có con dấu + link · quyền dùng lại · không cam kết số · không trả tiền. Gửi hàng; lịch đăng tháng 6–7. | F16: TT | G16: =NGAY_BAT_DAU+238 -> 46517 | H16: =NGAY_BAT_DAU+244 -> 46523 | I16: Chưa bắt đầu | J16: Hợp đồng mẫu + số người đã ký
A17: 10 | C17: T35.2 Kế hoạch mùa hè | D17: Mùa cao điểm T41–T46: chủ đề (biển, núi mát); tỉnh 3 theo dữ liệu cohort; 10 đối tác tỉnh 3; lịch nội dung; mục tiêu người hoạt động ×2. | F17: TT · VH | G17: =NGAY_BAT_DAU+238 -> 46517 | H17: =NGAY_BAT_DAU+244 -> 46523 | I17: Chưa bắt đầu | J17: Kế hoạch 2 trang
A18: 11 | C18: T35.3 Dòng tiền v4 | D18: Thêm doanh thu thật lô 1 và affiliate; chi phí kế toán và DN; cập nhật kịch bản. | F18: ĐP | G18: =NGAY_BAT_DAU+238 -> 46517 | H18: =NGAY_BAT_DAU+244 -> 46523 | I18: Chưa bắt đầu | J18: Sheet v4
A19: 12 | C19: T35.4 Hồ sơ cuộc thi (nháp) | D19: Tra lịch Techfest, cuộc thi khởi nghiệp của trường, quỹ sinh viên — điều kiện, hạn (cần kiểm chứng). Nháp 1 trang theo khung 10 slide. Quyết định nộp ở T48. | F19: ĐP · TN | G19: =NGAY_BAT_DAU+238 -> 46517 | H19: =NGAY_BAT_DAU+244 -> 46523 | I19: Chưa bắt đầu | J19: Bảng 3–5 cuộc thi + hồ sơ nháp
A20: ="📅 TUẦN 36 · "&TEXT(NGAY_BAT_DAU+245,"dd/mm/yyyy")&" – "&TEXT(NGAY_BAT_DAU+251,"dd/mm/yyyy")&" — CỔNG QUÝ 3 │ 🎯 Mục tiêu: Kiểm tiêu chí 3→4; dồn lực Q4 vào một kênh và một dòng thu. │ 💡 Cuối tuần biết được: Kênh nào và dòng thu nào là trọng tâm Q4." -> 📅 TUẦN 36 · 17/05/2027 – 23/05/2027 — CỔNG QUÝ 3 │ 🎯 Mục tiêu: Kiểm tiêu chí 3→4; dồn lực Q4 vào một kênh và một dòng thu. │ 💡 Cuối tuần biết được: Kênh nào và dòng thu nào là trọng tâm Q4.
A21: 13 | B21: QUÝ 3 — GIAI ĐOẠN 3: LAN TRUYỀN & CHUẨN BỊ DOANH THU | C21: T36.1 Họp cổng 2 giờ | D21: Tiêu chí 3→4: K qua 3 chu kỳ (C3→C5) · doanh thu từ ≥ 2 dòng · LTV/CAC ước tính · pháp nhân, mạng xã hội, kế toán chạy ổn. Ra ADR. Chốt Rocks Q4: MỘT kênh (số cao nhất), MỘT dòng thu chính (biên × quy mô), kèm mục tiêu số. Rà ghế. | F21: ALL | G21: =NGAY_BAT_DAU+245 -> 46524 | H21: =NGAY_BAT_DAU+251 -> 46530 | I21: Chưa bắt đầu | J21: Biên bản cổng Q3 + Rocks Q4
A22: 14 | C22: T36.2 Cập nhật Phụ lục E · so sánh đối thủ | F22: ĐP · TN | G22: =NGAY_BAT_DAU+245 -> 46524 | H22: =NGAY_BAT_DAU+251 -> 46530 | I22: Chưa bắt đầu | J22: Tệp cập nhật
A23: ="📅 TUẦN 37 · "&TEXT(NGAY_BAT_DAU+252,"dd/mm/yyyy")&" – "&TEXT(NGAY_BAT_DAU+258,"dd/mm/yyyy")&" — Hài lòng người mua · Duy trì (kỳ thi) │ 🎯 Mục tiêu: Biết người trả tiền nghĩ gì; giữ nhịp tối thiểu trong kỳ thi. │ 💡 Cuối tuần biết được: Điểm hài lòng của người trả tiền"&" và lý do điểm thấp." -> 📅 TUẦN 37 · 24/05/2027 – 30/05/2027 — Hài lòng người mua · Duy trì (kỳ thi) │ 🎯 Mục tiêu: Biết người trả tiền nghĩ gì; giữ nhịp tối thiểu trong kỳ thi. │ 💡 Cuối tuần biết được: Điểm hài lòng của người trả tiền và lý do điểm thấp.
A24: 15 | B24: QUÝ 4 — GIAI ĐOẠN 4: DOANH THU | C24: T37.1 Khảo sát người mua | D24: Form 5 câu: điểm 1–10 · thích nhất · thiếu gì · mua lại hoặc tặng? · giới thiệu cho ai. Gọi 5 người cho điểm thấp. | F24: VH | G24: =NGAY_BAT_DAU+252 -> 46531 | H24: =NGAY_BAT_DAU+258 -> 46537 | I24: Chưa bắt đầu | J24: Kết quả + 5 ghi chú cuộc gọi
A25: 16 | C25: T37.2 Duy trì nội dung | D25: 1 bài/tuần. | F25: TT | G25: =NGAY_BAT_DAU+252 -> 46531 | H25: =NGAY_BAT_DAU+258 -> 46537 | I25: Chưa bắt đầu
A26: 17 | C26: T37.3 Bảng số | F26: ĐP | G26: =NGAY_BAT_DAU+252 -> 46531 | H26: =NGAY_BAT_DAU+258 -> 46537 | I26: Chưa bắt đầu
A27: ="📅 TUẦN 38 · "&TEXT(NGAY_BAT_DAU+259,"dd/mm/yyyy")&" – "&TEXT(NGAY_BAT_DAU+265,"dd/mm/yyyy")&" — Kết chu kỳ 5 │ 🎯 Mục tiêu: Kết 4 cược; quyết định lô in 2. │ 💡 Cuối tuần biết được: Mạng 2 mất bao lâu để đạt 100; creator có hiệu quả không (cài/creator)." -> 📅 TUẦN 38 · 31/05/2027 – 06/06/2027 — Kết chu kỳ 5 │ 🎯 Mục tiêu: Kết 4 cược; quyết định lô in 2. │ 💡 Cuối tuần biết được: Mạng 2 mất bao lâu để đạt 100; creator có hiệu quả không (cài/creator).
A28: 18 | B28: QUÝ 4 — GIAI ĐOẠN 4: DOANH THU | C28: T38.1 Kết cược C5 | D28: Mạng 2 (số ngày đạt 100) · lô 1 (hài lòng, mua lại) · creator (cài/creator, giờ/creator) · mời bạn (K). | F28: ALL | G28: =NGAY_BAT_DAU+259 -> 46538 | H28: =NGAY_BAT_DAU+265 -> 46544 | I28: Chưa bắt đầu | J28: Biên bản kết C5
A29: 19 | C29: T38.2 Quyết định lô 2 | D29: Dựa hài lòng + đăng ký mới + tồn kho; chốt số lượng; cải tiến từ câu «thiếu gì». | F29: TN | G29: =NGAY_BAT_DAU+259 -> 46538 | H29: =NGAY_BAT_DAU+265 -> 46544 | I29: Chưa bắt đầu | J29: ADR lô 2
A30: 20 | C30: T38.3 Sửa lỗi | F30: SP | G30: =NGAY_BAT_DAU+259 -> 46538 | H30: =NGAY_BAT_DAU+265 -> 46544 | I30: Chưa bắt đầu
A31: ="📅 TUẦN 39 · "&TEXT(NGAY_BAT_DAU+266,"dd/mm/yyyy")&" – "&TEXT(NGAY_BAT_DAU+272,"dd/mm/yyyy")&" — NGUỘI · Business.md 0.6 · Rà pháp lý │ 🎯 Mục tiêu: Tài liệu cập nhật; biết còn cách ngưỡng giấy phép bao xa. │ 💡 Cuối tuần biết được: Đã tới ngưỡng mạng xã hội chưa; hồ sơ"&" dữ liệu cá nhân đến đâu." -> 📅 TUẦN 39 · 07/06/2027 – 13/06/2027 — NGUỘI · Business.md 0.6 · Rà pháp lý │ 🎯 Mục tiêu: Tài liệu cập nhật; biết còn cách ngưỡng giấy phép bao xa. │ 💡 Cuối tuần biết được: Đã tới ngưỡng mạng xã hội chưa; hồ sơ dữ liệu cá nhân đến đâu.
A32: 21 | B32: QUÝ 4 — GIAI ĐOẠN 4: DOANH THU | C32: T39.1 Business.md 0.6 | D32: Mục 4.4 (creator/kênh), mục 5 (số thật 2 dòng thu), mục 8.6. | F32: TN | G32: =NGAY_BAT_DAU+266 -> 46545 | H32: =NGAY_BAT_DAU+272 -> 46551 | I32: Chưa bắt đầu | J32: Tệp 0.6
A33: 22 | C33: T39.2 Rà pháp lý | D33: Người dùng thường xuyên/tháng và lượt truy cập so với ngưỡng mạng xã hội; ≥ 70% ngưỡng thì khởi động hồ sơ giấy phép. Hồ sơ đánh giá tác động dữ liệu cá nhân — trạng thái và thời hạn (hỏi luật). Điều khoản affiliate còn phù hợp không. | F33: ĐP | G33: =NGAY_BAT_DAU+266 -> 46545 | H33: =NGAY_BAT_DAU+272 -> 46551 | I33: Chưa bắt đầu | J33: Ghi chú + việc có hạn
A34: 23 | C34: T39.3 Sổ rủi ro | F34: ĐP | G34: =NGAY_BAT_DAU+266 -> 46545 | H34: =NGAY_BAT_DAU+272 -> 46551 | I34: Chưa bắt đầu | J34: Sổ cập nhật
A35: ="📅 TUẦN 40 · "&TEXT(NGAY_BAT_DAU+273,"dd/mm/yyyy")&" – "&TEXT(NGAY_BAT_DAU+279,"dd/mm/yyyy")&" — NGUỘI · Bàn cược C6 (mùa hè) · Dàn deck │ 🎯 Mục tiêu: Ba cược cho chu kỳ nặng nhất năm; dàn deck; lịch hè của nhóm. │ 💡 Cuối tuần biết được: Cược C6; ai ở Hà Nội ai về quê"&" trong hè." -> 📅 TUẦN 40 · 14/06/2027 – 20/06/2027 — NGUỘI · Bàn cược C6 (mùa hè) · Dàn deck │ 🎯 Mục tiêu: Ba cược cho chu kỳ nặng nhất năm; dàn deck; lịch hè của nhóm. │ 💡 Cuối tuần biết được: Cược C6; ai ở Hà Nội ai về quê trong hè.
A36: 24 | B36: QUÝ 4 — GIAI ĐOẠN 4: DOANH THU | C36: T40.1 Bàn cược C6 (T41–T46) | D36: (A) hè: người hoạt động ×2 qua kênh thắng — theo kế hoạch T35; (B) B2B: 3 cuộc gặp tỉnh/trung tâm xúc tiến hoặc thương hiệu; (C) dòng thu chính: tối ưu chuyển đổi + đo LTV/CAC. | F36: ALL | G36: =NGAY_BAT_DAU+273 -> 46552 | H36: =NGAY_BAT_DAU+279 -> 46558 | I36: Chưa bắt đầu | J36: 3 thẻ cược C6
A37: 25 | C37: T40.2 Dàn deck | D37: Dữ liệu cần chuẩn bị: người dùng, quay lại, con dấu theo tỉnh, doanh thu, ảnh. Khung 10 slide. | F37: TN | G37: =NGAY_BAT_DAU+273 -> 46552 | H37: =NGAY_BAT_DAU+279 -> 46558 | I37: Chưa bắt đầu | J37: Dàn deck
A38: 26 | C38: T40.3 Lịch hè của nhóm | D38: Ai ở Hà Nội, ai về quê (về quê thì đóng dấu tỉnh nhà, tiếp cận đối tác tỉnh nhà). | F38: ĐP | G38: =NGAY_BAT_DAU+273 -> 46552 | H38: =NGAY_BAT_DAU+279 -> 46558 | I38: Chưa bắt đầu | J38: Lịch hè

Sheet C6_T41-48
A1: C6 · CHU KỲ 6 — Mùa hè & B2B
A2: ="Tuần 41 – 48 │ "&TEXT(NGAY_BAT_DAU+280,"dd/mm/yyyy")&" → "&TEXT(NGAY_BAT_DAU+335,"dd/mm/yyyy")&" │ 6 tuần làm (T41–T46) + 2 tuần nguội (T47–T48) — chu kỳ nặng nhất năm │ QUÝ 4 — GIAI ĐOẠN 4: DOANH THU" -> Tuần 41 – 48 │ 21/06/2027 → 15/08/2027 │ 6 tuần làm (T41–T46) + 2 tuần nguội (T47–T48) — chu kỳ nặng nhất năm │ QUÝ 4 — GIAI ĐOẠN 4: DOANH THU
A4: STT | B4: Giai đoạn / Phase | C4: Đầu mục / Task | D4: Phân việc chi tiết / Subtask | E4: Mục đích / Purpose | F4: Ghế / PIC | G4: Ngày bắt đầu Start Date | H4: Ngày kết thúc End Date | I4: Trạng thái / Status | J4: Tiêu chí hoàn thành / Output | K4: Ghi chú / Note
A5: ="📅 TUẦN 41 · "&TEXT(NGAY_BAT_DAU+280,"dd/mm/yyyy")&" – "&TEXT(NGAY_BAT_DAU+286,"dd/mm/yyyy")&" — Chiến dịch hè · Deck 10 slide · Bảo hiểm │ 🎯 Mục tiêu: Mùa cao điểm bắt đầu; có deck để chào B2B; biết mô hình hợp tác bảo hiểm. │ 💡 Cuối tuần biết được: Đầu mối B2B nào p"&"hản hồi; mô hình bảo hiểm nào làm được." -> 📅 TUẦN 41 · 21/06/2027 – 27/06/2027 — Chiến dịch hè · Deck 10 slide · Bảo hiểm │ 🎯 Mục tiêu: Mùa cao điểm bắt đầu; có deck để chào B2B; biết mô hình hợp tác bảo hiểm. │ 💡 Cuối tuần biết được: Đầu mối B2B nào phản hồi; mô hình bảo hiểm nào làm được.
A6: 1 | B6: QUÝ 4 — GIAI ĐOẠN 4: DOANH THU | C6: T41.1 Deck 10 slide | D6: Mục đích · vấn đề · giải pháp · vì sao bây giờ (135,5 triệu lượt nội địa 2025, Gen Z đi tự túc) · cỡ thị trường từ dưới lên · đối thủ · sản phẩm (ảnh) · mô hình (2 dòng thu có số) · đội ngũ · số liệu (kích hoạt, quay lại, K, doanh thu) · đề nghị (gói «thử thách con dấu tỉnh X»). Trình thử 10' trong nhóm. | F6: TN | G6: =NGAY_BAT_DAU+280 -> 46559 | H6: =NGAY_BAT_DAU+286 -> 46565 | I6: Chưa bắt đầu | J6: Deck PDF
A7: 2 | C7: T41.2 10 đầu mối B2B | D7: Trung tâm xúc tiến du lịch tỉnh 1–3; 3 thương hiệu gắn với người trẻ đi du lịch. Liên hệ qua người quen hoặc cổng thông tin; soạn email mẫu. | F7: TN · VH | G7: =NGAY_BAT_DAU+280 -> 46559 | H7: =NGAY_BAT_DAU+286 -> 46565 | I7: Chưa bắt đầu | J7: Bảng 10 đầu mối, 5 đã gửi
A8: 3 | C8: T41.3 Chiến dịch hè bắt đầu | D8: Theo kế hoạch T35; ghi số theo ngày. | F8: TT | G8: =NGAY_BAT_DAU+280 -> 46559 | H8: =NGAY_BAT_DAU+286 -> 46565 | I8: Chưa bắt đầu | J8: Bảng số theo ngày
A9: 4 | C9: T41.4 Đối tác tỉnh 3 | D9: 10 tên, gọi 5. | F9: VH | G9: =NGAY_BAT_DAU+280 -> 46559 | H9: =NGAY_BAT_DAU+286 -> 46565 | I9: Chưa bắt đầu | J9: Bảng 10 + 5 ghi chú
A10: 5 | C10: T41.5 Bảo hiểm — hỏi 2 hãng | D10: Hãng có bán online: chương trình giới thiệu (affiliate) hay đại lý tổ chức; điều kiện; hoa hồng. Người hiểu luật xác nhận TRƯỚC khi ký đại lý (ngành có điều kiện). | F10: VH · ĐP | G10: =NGAY_BAT_DAU+280 -> 46559 | H10: =NGAY_BAT_DAU+286 -> 46565 | I10: Chưa bắt đầu | J10: Bảng 2 dòng + ghi chú luật
A11: ="📅 TUẦN 42 · "&TEXT(NGAY_BAT_DAU+287,"dd/mm/yyyy")&" – "&TEXT(NGAY_BAT_DAU+293,"dd/mm/yyyy")&" — Gặp 3 đầu mối B2B · Đo hè tuần 2 │ 🎯 Mục tiêu: Biết B2B đo thành công bằng gì và ai quyết. │ 💡 Cuối tuần biết được: B2B đo thành công bằng gì, ngân sách và chu kỳ quyết đị"&"nh." -> 📅 TUẦN 42 · 28/06/2027 – 04/07/2027 — Gặp 3 đầu mối B2B · Đo hè tuần 2 │ 🎯 Mục tiêu: Biết B2B đo thành công bằng gì và ai quyết. │ 💡 Cuối tuần biết được: B2B đo thành công bằng gì, ngân sách và chu kỳ quyết định.
A12: 6 | B12: QUÝ 4 — GIAI ĐOẠN 4: DOANH THU | C12: T42.1 3 cuộc gặp B2B | D12: 30': 5' nghe họ · 10' trình deck · 15' hỏi: họ đo thành công bằng gì (lượt khách? nội dung? ảnh?) · ngân sách và quy trình duyệt · chu kỳ · ai quyết. Đề xuất thử nhỏ (1 tháng, 1 thử thách). | F12: TN · VH | G12: =NGAY_BAT_DAU+287 -> 46566 | H12: =NGAY_BAT_DAU+293 -> 46572 | I12: Chưa bắt đầu | J12: 3 ghi chú + bước kế tiếp
A13: 7 | C13: T42.2 Đo hè tuần 2 | D13: Kích hoạt/ngày theo kênh. | F13: TT · ĐP | G13: =NGAY_BAT_DAU+287 -> 46566 | H13: =NGAY_BAT_DAU+293 -> 46572 | I13: Chưa bắt đầu | J13: Bảng số
A14: 8 | C14: T42.3 Creator đăng bài | D14: Theo lịch T35. | F14: TT | G14: =NGAY_BAT_DAU+287 -> 46566 | H14: =NGAY_BAT_DAU+293 -> 46572 | I14: Chưa bắt đầu
A15: ="📅 TUẦN 43 · "&TEXT(NGAY_BAT_DAU+294,"dd/mm/yyyy")&" – "&TEXT(NGAY_BAT_DAU+300,"dd/mm/yyyy")&" — Tối ưu chuyển đổi dòng thu chính · Lô in 2 │ 🎯 Mục tiêu: Thử thông điệp «lợi ích > tiền»; lô 2 vào xưởng. │ 💡 Cuối tuần biết được: Thông điệp nào cho chuyển đổi cao hơn (s"&"au 2 tuần)." -> 📅 TUẦN 43 · 05/07/2027 – 11/07/2027 — Tối ưu chuyển đổi dòng thu chính · Lô in 2 │ 🎯 Mục tiêu: Thử thông điệp «lợi ích > tiền»; lô 2 vào xưởng. │ 💡 Cuối tuần biết được: Thông điệp nào cho chuyển đổi cao hơn (sau 2 tuần).
A16: 9 | B16: QUÝ 4 — GIAI ĐOẠN 4: DOANH THU | C16: T43.1 A/B thông điệp «lợi ích > tiền» | D16: 2 phiên bản màn gợi ý đối tác/hộ chiếu: (A) mô tả tính năng; (B) «chuyến này bạn tiết kiệm X giờ / Y đồng / +N con dấu». Chia đôi cohort mới; đo bấm và mua trong 2 tuần. | F16: TT · SP | G16: =NGAY_BAT_DAU+294 -> 46573 | H16: =NGAY_BAT_DAU+300 -> 46579 | I16: Chưa bắt đầu | J16: Thiết lập A/B + số nền
A17: 10 | C17: T43.2 Lô in 2 | D17: Đặt theo ADR T38 kèm cải tiến. | F17: VH | G17: =NGAY_BAT_DAU+294 -> 46573 | H17: =NGAY_BAT_DAU+300 -> 46579 | I17: Chưa bắt đầu | J17: Đơn in lô 2
A18: 11 | C18: T43.3 Chiến dịch hè tuần 3 | F18: TT | G18: =NGAY_BAT_DAU+294 -> 46573 | H18: =NGAY_BAT_DAU+300 -> 46579 | I18: Chưa bắt đầu
A19: ="📅 TUẦN 44 · "&TEXT(NGAY_BAT_DAU+301,"dd/mm/yyyy")&" – "&TEXT(NGAY_BAT_DAU+307,"dd/mm/yyyy")&" — Chăm sóc khách hàng chính thức hoá · An toàn mùa hè │ 🎯 Mục tiêu: Chuyển từ trả lời tay sang quy trình; nội dung an toàn cập nhật theo mùa. │ 💡 Cuối tuần biết được: Câu hỏ"&"i nào hay gặp nhất; sự cố mùa hè nào cần cảnh báo." -> 📅 TUẦN 44 · 12/07/2027 – 18/07/2027 — Chăm sóc khách hàng chính thức hoá · An toàn mùa hè │ 🎯 Mục tiêu: Chuyển từ trả lời tay sang quy trình; nội dung an toàn cập nhật theo mùa. │ 💡 Cuối tuần biết được: Câu hỏi nào hay gặp nhất; sự cố mùa hè nào cần cảnh báo.
A20: 12 | B20: QUÝ 4 — GIAI ĐOẠN 4: DOANH THU | C20: T44.1 Quy trình hỗ trợ khách hàng | D20: Kênh (email + chat trong app) · phân loại (lỗi / thanh toán / nội dung xấu / an toàn) · thời gian phản hồi (24 giờ; an toàn: ngay) · mẫu trả lời 10 tình huống · leo thang cho ai · ghi vào bảng. FAQ 20 câu từ câu hỏi thật T9–T43. | F20: VH | G20: =NGAY_BAT_DAU+301 -> 46580 | H20: =NGAY_BAT_DAU+307 -> 46586 | I20: Chưa bắt đầu | J20: Tệp quy trình + FAQ công khai trên trang tĩnh
A21: 13 | C21: T44.2 Rà sự cố mùa hè | D21: Thu từ cohort và creator: đuối nước, say nắng, xe, giá; cập nhật trang khẩn cấp + cảnh báo theo mùa. | F21: VH | G21: =NGAY_BAT_DAU+301 -> 46580 | H21: =NGAY_BAT_DAU+307 -> 46586 | I21: Chưa bắt đầu | J21: Bảng ngoại lệ cập nhật
A22: 14 | C22: T44.3 Chiến dịch hè tuần 4 | F22: TT | G22: =NGAY_BAT_DAU+301 -> 46580 | H22: =NGAY_BAT_DAU+307 -> 46586 | I22: Chưa bắt đầu
A23: ="📅 TUẦN 45 · "&TEXT(NGAY_BAT_DAU+308,"dd/mm/yyyy")&" – "&TEXT(NGAY_BAT_DAU+314,"dd/mm/yyyy")&" — B2B hợp đồng thử · Thuế quý · Dòng tiền v5 │ 🎯 Mục tiêu: Có đề xuất B2B trên bàn; nghĩa vụ thuế đúng hạn; biết LTV/CAC. │ 💡 Cuối tuần biết được: LTV/CAC theo kênh; tháng h"&"oà vốn hạ tầng + kế toán." -> 📅 TUẦN 45 · 19/07/2027 – 25/07/2027 — B2B hợp đồng thử · Thuế quý · Dòng tiền v5 │ 🎯 Mục tiêu: Có đề xuất B2B trên bàn; nghĩa vụ thuế đúng hạn; biết LTV/CAC. │ 💡 Cuối tuần biết được: LTV/CAC theo kênh; tháng hoà vốn hạ tầng + kế toán.
A24: 15 | B24: QUÝ 4 — GIAI ĐOẠN 4: DOANH THU | C24: T45.1 Đề xuất B2B | D24: 1 trang cho đầu mối quan tâm nhất: phạm vi (thử thách con dấu 5 điểm ở tỉnh X, 4 tuần) · cam kết (báo cáo, KHÔNG cam kết kết quả) · giá. Hợp đồng dịch vụ quảng cáo qua DN (kế toán và luật rà). | F24: TN | G24: =NGAY_BAT_DAU+308 -> 46587 | H24: =NGAY_BAT_DAU+314 -> 46593 | I24: Chưa bắt đầu | J24: Đề xuất đã gửi hoặc hợp đồng
A25: 16 | C25: T45.2 Thuế quý | D25: Cùng kế toán. | F25: ĐP | G25: =NGAY_BAT_DAU+308 -> 46587 | H25: =NGAY_BAT_DAU+314 -> 46593 | I25: Chưa bắt đầu | J25: Tờ khai
A26: 17 | C26: T45.3 Dòng tiền v5 | D26: LTV = ARPU thật × thời gian sống ước tính (từ quay lại); CAC theo kênh (giờ + tiền); LTV/CAC; tháng hoà vốn hạ tầng + kế toán. | F26: ĐP | G26: =NGAY_BAT_DAU+308 -> 46587 | H26: =NGAY_BAT_DAU+314 -> 46593 | I26: Chưa bắt đầu | J26: Sheet v5 + 1 trang đọc kết quả
A27: ="📅 TUẦN 46 · "&TEXT(NGAY_BAT_DAU+315,"dd/mm/yyyy")&" – "&TEXT(NGAY_BAT_DAU+321,"dd/mm/yyyy")&" — Kết chu kỳ 6 │ 🎯 Mục tiêu: Kết 3 cược mùa hè; rút bài học cho hè năm sau. │ 💡 Cuối tuần biết được: Hè có nhân đôi người hoạt động không; B2B có hợp đồng không; A/B kết quả"&"." -> 📅 TUẦN 46 · 26/07/2027 – 01/08/2027 — Kết chu kỳ 6 │ 🎯 Mục tiêu: Kết 3 cược mùa hè; rút bài học cho hè năm sau. │ 💡 Cuối tuần biết được: Hè có nhân đôi người hoạt động không; B2B có hợp đồng không; A/B kết quả.
A28: 18 | B28: QUÝ 4 — GIAI ĐOẠN 4: DOANH THU | C28: T46.1 Kết cược C6 | D28: Hè ×2? · B2B: có hợp đồng? · A/B: kết quả · LTV/CAC theo kênh. | F28: ALL | G28: =NGAY_BAT_DAU+315 -> 46594 | H28: =NGAY_BAT_DAU+321 -> 46600 | I28: Chưa bắt đầu | J28: Biên bản kết C6
A29: 19 | C29: T46.2 Bài học hè | F29: TT · VH | G29: =NGAY_BAT_DAU+315 -> 46594 | H29: =NGAY_BAT_DAU+321 -> 46600 | I29: Chưa bắt đầu | J29: 1 trang bài học
A30: ="📅 TUẦN 47 · "&TEXT(NGAY_BAT_DAU+322,"dd/mm/yyyy")&" – "&TEXT(NGAY_BAT_DAU+328,"dd/mm/yyyy")&" — NGUỘI · Business.md 0.7 · Rủi ro · Pháp lý │ 🎯 Mục tiêu: Tài liệu và hồ sơ sẵn sàng cho cổng quý 4. │ 💡 Cuối tuần biết được: Đủ số để ra quyết định năm 2 hay chưa." -> 📅 TUẦN 47 · 02/08/2027 – 08/08/2027 — NGUỘI · Business.md 0.7 · Rủi ro · Pháp lý │ 🎯 Mục tiêu: Tài liệu và hồ sơ sẵn sàng cho cổng quý 4. │ 💡 Cuối tuần biết được: Đủ số để ra quyết định năm 2 hay chưa.
A31: 20 | B31: QUÝ 4 — GIAI ĐOẠN 4: DOANH THU | C31: T47.1 Business.md 0.7 | D31: Mục 5 hoàn chỉnh với số 12 tháng; mục 4.4; mục 6; mục 7 cập nhật. | F31: TN | G31: =NGAY_BAT_DAU+322 -> 46601 | H31: =NGAY_BAT_DAU+328 -> 46607 | I31: Chưa bắt đầu | J31: Tệp 0.7
A32: 21 | C32: T47.2 Sổ rủi ro · giấy phép MXH · hồ sơ dữ liệu | D32: Ghi trạng thái từng mục. | F32: ĐP | G32: =NGAY_BAT_DAU+322 -> 46601 | H32: =NGAY_BAT_DAU+328 -> 46607 | I32: Chưa bắt đầu | J32: Ghi chú trạng thái
A33: 22 | C33: T47.3 Bảng tiêu chí cổng Q4 | D33: Chuẩn bị tiêu chí và số SẴN trước buổi cổng, không tính trong buổi. | F33: ĐP | G33: =NGAY_BAT_DAU+322 -> 46601 | H33: =NGAY_BAT_DAU+328 -> 46607 | I33: Chưa bắt đầu | J33: Bảng tiêu chí có số
A34: ="📅 TUẦN 48 · "&TEXT(NGAY_BAT_DAU+329,"dd/mm/yyyy")&" – "&TEXT(NGAY_BAT_DAU+335,"dd/mm/yyyy")&" — CỔNG QUÝ 4 — gọi vốn / thi / tự nuôi / dừng │ 🎯 Mục tiêu: Quyết định hướng đi năm 2 bằng tiêu chí đã viết trước. │ 💡 Cuối tuần biết được: Năm 2 đi hướng nào." -> 📅 TUẦN 48 · 09/08/2027 – 15/08/2027 — CỔNG QUÝ 4 — gọi vốn / thi / tự nuôi / dừng │ 🎯 Mục tiêu: Quyết định hướng đi năm 2 bằng tiêu chí đã viết trước. │ 💡 Cuối tuần biết được: Năm 2 đi hướng nào.
A35: 23 | B35: QUÝ 4 — GIAI ĐOẠN 4: DOANH THU | C35: T48.1 Họp cổng 2 giờ | D35: Tiêu chí 4→5. Bốn lối: gọi vốn (deck + 10 quỹ/angel + cuộc thi) · thi · tự nuôi (doanh thu ≥ chi phí, tăng chậm) · dừng (bàn giao tài sản). Ra ADR. Chốt Rocks «quý 5». Rà ghế. | F35: ALL | G35: =NGAY_BAT_DAU+329 -> 46608 | H35: =NGAY_BAT_DAU+335 -> 46614 | I35: Chưa bắt đầu | J35: Biên bản + ADR

Sheet C7_T49-52
A1: C7 · CHU KỲ 7 — Tổng kết năm 1
A2: ="Tuần 49 – 52 │ "&TEXT(NGAY_BAT_DAU+336,"dd/mm/yyyy")&" → "&TEXT(NGAY_BAT_DAU+363,"dd/mm/yyyy")&" │ 4 tuần rút gọn │ TỔNG KẾT NĂM 1 → GIAI ĐOẠN 5: MỞ RỘNG" -> Tuần 49 – 52 │ 16/08/2027 → 12/09/2027 │ 4 tuần rút gọn │ TỔNG KẾT NĂM 1 → GIAI ĐOẠN 5: MỞ RỘNG
A4: STT | B4: Giai đoạn / Phase | C4: Đầu mục / Task | D4: Phân việc chi tiết / Subtask | E4: Mục đích / Purpose | F4: Ghế / PIC | G4: Ngày bắt đầu Start Date | H4: Ngày kết thúc End Date | I4: Trạng thái / Status | J4: Tiêu chí hoàn thành / Output | K4: Ghi chú / Note
A5: ="📅 TUẦN 49 · "&TEXT(NGAY_BAT_DAU+336,"dd/mm/yyyy")&" – "&TEXT(NGAY_BAT_DAU+342,"dd/mm/yyyy")&" — Hồ sơ cuộc thi / gọi vốn hoặc kế hoạch tự nuôi · Kiểm kê tài sản │ 🎯 Mục tiêu: Chuẩn bị theo ADR T48; biết tổ chức đang sở hữu những gì. │ 💡 Cuối tuần biết được: Tài sản t"&"hật của tổ chức sau 12 tháng." -> 📅 TUẦN 49 · 16/08/2027 – 22/08/2027 — Hồ sơ cuộc thi / gọi vốn hoặc kế hoạch tự nuôi · Kiểm kê tài sản │ 🎯 Mục tiêu: Chuẩn bị theo ADR T48; biết tổ chức đang sở hữu những gì. │ 💡 Cuối tuần biết được: Tài sản thật của tổ chức sau 12 tháng.
A6: 1 | B6: TỔNG KẾT NĂM 1 → GIAI ĐOẠN 5: MỞ RỘNG | C6: T49.1 Theo ADR T48 | D6: Gọi vốn hoặc thi: deck cập nhật + data room (số, pháp lý, thoả thuận). Tự nuôi: dòng tiền v6 cho 12 tháng tới. | F6: TN · ĐP | G6: =NGAY_BAT_DAU+336 -> 46615 | H6: =NGAY_BAT_DAU+342 -> 46621 | I6: Chưa bắt đầu | J6: Hồ sơ hoặc sheet v6
A7: 2 | C7: T49.2 Kiểm kê tài sản tổ chức | D7: Dữ liệu địa điểm bản địa · bộ con dấu · quan hệ đối tác (số lượng, tỉnh) · thư viện nội dung · cộng đồng (người hoạt động) · nhãn hiệu · pháp nhân · quy trình đã viết. | F7: ĐP | G7: =NGAY_BAT_DAU+336 -> 46615 | H7: =NGAY_BAT_DAU+342 -> 46621 | I7: Chưa bắt đầu | J7: Bảng tài sản có số
A8: ="📅 TUẦN 50 · "&TEXT(NGAY_BAT_DAU+343,"dd/mm/yyyy")&" – "&TEXT(NGAY_BAT_DAU+349,"dd/mm/yyyy")&" — Tổng kết năm 1 · Phỏng vấn 10 người dùng lâu nhất │ 🎯 Mục tiêu: Rút bài học theo 6 lớp; nghe người ở lại lâu nhất. │ 💡 Cuối tuần biết được: Vì sao người ta ở lại 6+ tháng "&"và họ muốn gì ở năm 2." -> 📅 TUẦN 50 · 23/08/2027 – 29/08/2027 — Tổng kết năm 1 · Phỏng vấn 10 người dùng lâu nhất │ 🎯 Mục tiêu: Rút bài học theo 6 lớp; nghe người ở lại lâu nhất. │ 💡 Cuối tuần biết được: Vì sao người ta ở lại 6+ tháng và họ muốn gì ở năm 2.
A9: 3 | B9: TỔNG KẾT NĂM 1 → GIAI ĐOẠN 5: MỞ RỘNG | C9: T50.1 6 trang tổng kết L1–L6 | D9: Một trang mỗi lớp (Business.md mục 1): đã học gì, số nào, sai gì. | F9: ALL | G9: =NGAY_BAT_DAU+343 -> 46622 | H9: =NGAY_BAT_DAU+349 -> 46628 | I9: Chưa bắt đầu | J9: 6 tệp tổng kết
A10: 4 | C10: T50.2 Phỏng vấn 10 người dùng lâu nhất | D10: Vì sao ở lại 6+ tháng · đã kể cho ai · muốn gì ở năm 2. | F10: TT | G10: =NGAY_BAT_DAU+343 -> 46622 | H10: =NGAY_BAT_DAU+349 -> 46628 | I10: Chưa bắt đầu | J10: 10 tệp
A11: ="📅 TUẦN 51 · "&TEXT(NGAY_BAT_DAU+350,"dd/mm/yyyy")&" – "&TEXT(NGAY_BAT_DAU+356,"dd/mm/yyyy")&" — Business.md 1.0 · Kế hoạch năm 2 │ 🎯 Mục tiêu: Viết lại tài liệu nền từ bằng chứng; vạch giai đoạn 5. │ 💡 Cuối tuần biết được: Năm 2 làm gì, với ai, bằng tiền nào." -> 📅 TUẦN 51 · 30/08/2027 – 05/09/2027 — Business.md 1.0 · Kế hoạch năm 2 │ 🎯 Mục tiêu: Viết lại tài liệu nền từ bằng chứng; vạch giai đoạn 5. │ 💡 Cuối tuần biết được: Năm 2 làm gì, với ai, bằng tiền nào.
A12: 5 | B12: TỔNG KẾT NĂM 1 → GIAI ĐOẠN 5: MỞ RỘNG | C12: T51.1 Business.md 1.0 | D12: Viết lại từ bằng chứng; mục 2 không còn (GT). | F12: TN | G12: =NGAY_BAT_DAU+350 -> 46629 | H12: =NGAY_BAT_DAU+356 -> 46635 | I12: Chưa bắt đầu | J12: Tệp 1.0
A13: 6 | C13: T51.2 Kế hoạch giai đoạn 5 (năm 2) | D13: Tỉnh/trường mới (bao nhiêu) · nền tảng thứ 2 · sàn dịch vụ bản địa (cần pháp lý TMĐT/lữ hành) · người thứ 5–6 · ngân sách. | F13: ALL | G13: =NGAY_BAT_DAU+350 -> 46629 | H13: =NGAY_BAT_DAU+356 -> 46635 | I13: Chưa bắt đầu | J13: Kế hoạch năm 2
A14: ="📅 TUẦN 52 · "&TEXT(NGAY_BAT_DAU+357,"dd/mm/yyyy")&" – "&TEXT(NGAY_BAT_DAU+363,"dd/mm/yyyy")&" — Họp tổng kết · Quyết định năm 2 · Nghỉ │ 🎯 Mục tiêu: Đóng năm 1. │ 💡 Cuối tuần biết được: Cả nhóm cùng hiểu năm 1 đã học gì và năm 2 đi đâu." -> 📅 TUẦN 52 · 06/09/2027 – 12/09/2027 — Họp tổng kết · Quyết định năm 2 · Nghỉ │ 🎯 Mục tiêu: Đóng năm 1. │ 💡 Cuối tuần biết được: Cả nhóm cùng hiểu năm 1 đã học gì và năm 2 đi đâu.
A15: 7 | B15: TỔNG KẾT NĂM 1 → GIAI ĐOẠN 5: MỞ RỘNG | C15: T52.1 Họp tổng kết | D15: Đọc 6 trang tổng kết; quyết định năm 2; chấm điểm năm. Sau đó nghỉ 1 tuần. | F15: ALL | G15: =NGAY_BAT_DAU+357 -> 46636 | H15: =NGAY_BAT_DAU+363 -> 46642 | I15: Chưa bắt đầu | J15: Biên bản

Sheet Chú giải
B2: LEVART — CHÚ GIẢI, GHẾ TRÁCH NHIỆM & TIẾN ĐỘ
B4: 1 · CÁCH DÙNG TỆP NÀY
B5: Trang 00_Tổng quan | C5: Một dòng mỗi tuần (52 tuần) + dòng băng MỐC REVIEW sau mỗi chu kỳ và CỔNG QUÝ. Cột Trạng thái ở đây là ô TÍNH TỰ ĐỘNG từ các trang chu kỳ — không gõ tay.
B6: Trang C1…C7 | C6: Mỗi trang là một chu kỳ 6 tuần làm + 2 tuần nguội. Mỗi tuần có một dòng băng (mục tiêu + cuối tuần biết được) rồi tới các đầu mục. Đây là nơi NHẬP trạng thái và ghi chú.
B7: Ô cần nhập | C7: Cột Trạng thái (chọn từ danh sách) · cột Ghi chú · ô vàng NGÀY BẮT ĐẦU TUẦN 1 ở trang Tổng quan (ô D4). Cột Mục đích ở trang chu kỳ để trống có chủ đích — tự điền mục đích riêng cho từng đầu mục.
B8: Dịch lịch | C8: Sửa ô vàng D4 ở trang Tổng quan là toàn bộ ngày của 52 tuần tự dịch theo. Không sửa tay từng ô ngày.
B9: Ô để trống | C9: Chỗ nào week_index.md chưa nói thì để trống, không điền bừa. Tự bổ sung khi có thông tin thật.
B10: Không bật bộ lọc | C10: Các trang có dòng gộp ngang (băng tuần, băng mốc) nên không bật AutoFilter. Dùng Ctrl+F để tìm.
B12: 2 · GHẾ TRÁCH NHIỆM (xem ROLE.md)
B13: TN — Người cầm tầm nhìn | C13: Chiến lược, định vị, thương hiệu, quan hệ lớn, quyết định đổi hướng. Sở hữu Business.md và cổng quý.
B14: ĐP — Người điều phối | C14: Nhịp họp, bảng số, sổ quyết định, tiền, pháp lý, rủi ro, tổ chức. Ghế quyết định nhóm sống hay chết trong 12 tuần đầu.
B15: TT — Tăng trưởng | C15: Phỏng vấn khách hàng, cohort, cộng đồng, nội dung, kênh, lan truyền, creator.
B16: VH — Vận hành & Đối tác | C16: Đối tác địa phương, an toàn và tình huống ngoại lệ, sản phẩm vật lý, chăm sóc khách hàng.
B17: SP — Sản phẩm | C17: Sản phẩm sẵn sàng đúng lúc cho thí nghiệm, phễu đo, tuân thủ trong app. Lộ trình kỹ thuật nằm ở status.md.
B18: ALL | C18: Cả nhóm cùng làm — giai đoạn 1 thì ai cũng đi phỏng vấn khách hàng.
B20: 3 · TRẠNG THÁI
B21: Chưa bắt đầu | C21: Mặc định.
B22: Đang làm | C22: Đã có người bắt tay vào.
B23: Xong | C23: Có BẰNG CHỨNG: tệp trong docs/, số đo, ảnh chụp. «Đã làm rồi» không tính là xong.
B24: Cắt | C24: Cắt khỏi chu kỳ khi hết khẩu vị thời gian — ghi lý do ở cột Ghi chú, không gia hạn.
B25: Tạm hoãn | C25: Chờ điều kiện bên ngoài (giấy tờ, đối tác, mùa).
B27: 4 · TIẾN ĐỘ THEO CHU KỲ
B28: Chu kỳ | C28: Phạm vi | D28: Tổng | E28: Xong | F28: Đang làm | G28: % xong
B29: C1 | C29: Tuần 01–08 · CHU KỲ 1 — Khám phá khách hàng | D29: =COUNT('C1_T01-08'!$A:$A) -> 52 | E29: =COUNTIF('C1_T01-08'!$I:$I,"Xong") -> 0 | F29: =COUNTIF('C1_T01-08'!$I:$I,"Đang làm") -> 0 | G29: =IFERROR(E29/D29,0) -> 0
B30: C2 | C30: Tuần 09–16 · CHU KỲ 2 — Cohort đầu tiên & Cổng quý 1 | D30: =COUNT('C2_T09-16'!$A:$A) -> 38 | E30: =COUNTIF('C2_T09-16'!$I:$I,"Xong") -> 0 | F30: =COUNTIF('C2_T09-16'!$I:$I,"Đang làm") -> 0 | G30: =IFERROR(E30/D30,0) -> 0
B31: C3 | C31: Tuần 17–24 · CHU KỲ 3 — Phát hành & mở rộng trường 1 | D31: =COUNT('C3_T17-24'!$A:$A) -> 32 | E31: =COUNTIF('C3_T17-24'!$I:$I,"Xong") -> 0 | F31: =COUNTIF('C3_T17-24'!$I:$I,"Đang làm") -> 0 | G31: =IFERROR(E31/D31,0) -> 0
B32: C4 | C32: Tuần 25–32 · CHU KỲ 4 — Pháp nhân & doanh thu đầu tiên | D32: =COUNT('C4_T25-32'!$A:$A) -> 33 | E32: =COUNTIF('C4_T25-32'!$I:$I,"Xong") -> 0 | F32: =COUNTIF('C4_T25-32'!$I:$I,"Đang làm") -> 0 | G32: =IFERROR(E32/D32,0) -> 0
B33: C5 | C33: Tuần 33–40 · CHU KỲ 5 — Mạng nguyên tử thứ 2 | D33: =COUNT('C5_T33-40'!$A:$A) -> 26 | E33: =COUNTIF('C5_T33-40'!$I:$I,"Xong") -> 0 | F33: =COUNTIF('C5_T33-40'!$I:$I,"Đang làm") -> 0 | G33: =IFERROR(E33/D33,0) -> 0
B34: C6 | C34: Tuần 41–48 · CHU KỲ 6 — Mùa hè & B2B | D34: =COUNT('C6_T41-48'!$A:$A) -> 23 | E34: =COUNTIF('C6_T41-48'!$I:$I,"Xong") -> 0 | F34: =COUNTIF('C6_T41-48'!$I:$I,"Đang làm") -> 0 | G34: =IFERROR(E34/D34,0) -> 0
B35: C7 | C35: Tuần 49–52 · CHU KỲ 7 — Tổng kết năm 1 | D35: =COUNT('C7_T49-52'!$A:$A) -> 7 | E35: =COUNTIF('C7_T49-52'!$I:$I,"Xong") -> 0 | F35: =COUNTIF('C7_T49-52'!$I:$I,"Đang làm") -> 0 | G35: =IFERROR(E35/D35,0) -> 0
B36: TỔNG | C36: 52 tuần · 5 giai đoạn | D36: =SUM(D29:D35) -> 211 | E36: =SUM(E29:E35) -> 0 | F36: =SUM(F29:F35) -> 0 | G36: =IFERROR(E36/D36,0) -> 0
B38: 5 · NĂM GIAI ĐOẠN — MỤC ĐÍCH & CHỈ SỐ DUY NHẤT
B39: QUÝ 1 — GIAI ĐOẠN 1: THẤU CẢM | C39: Mục đích: Không xây thứ không ai cần. Chuyển «chúng tôi nghĩ» thành «30 người nói». Chỉ số duy nhất: Số phỏng vấn có bài học. · Tuần 01–12.
B40: QUÝ 2 — GIAI ĐOẠN 2: BÁM DÍNH | C40: Mục đích: Chứng minh sản phẩm giữ được người — không có bước này thì mọi đồng marketing đổ vào rổ thủng. Chỉ số duy nhất: Quay lại sau 7 / 30 ngày. · Tuần 13–24.
B41: QUÝ 3 — GIAI ĐOẠN 3: LAN TRUYỀN & CHUẨN BỊ DOANH THU | C41: Mục đích: Chứng minh người dùng kéo người dùng, và tổ chức được phép thu tiền (pháp nhân, giấy phép). Chỉ số duy nhất: Hệ số mời K; lượt bấm sang đối tác. · Tuần 25–36.
B42: QUÝ 4 — GIAI ĐOẠN 4: DOANH THU | C42: Mục đích: Chứng minh mỗi người dùng có lời — tổ chức tự nuôi được. Chỉ số duy nhất: LTV / CAC theo kênh. · Tuần 37–48.
B43: TỔNG KẾT NĂM 1 → GIAI ĐOẠN 5: MỞ RỘNG | C43: Mục đích: Kết lại bằng bằng chứng và quyết định năm 2. Chỉ số duy nhất: Tốc độ khởi động mạng mới. · Tuần 49–52.
B45: 6 · LƯU Ý VỀ DỮ LIỆU
B46: Nguồn | C46: Toàn bộ nội dung rút từ week_index.md (chi tiết 52 tuần), Business.md (chiến lược, pháp lý, chỉ số) và ROLE.md (ghế). Không thêm số liệu ngoài hai tệp đó.
B47: Ngày | C47: week_index.md giả định Tuần 1 bắt đầu thứ Hai 14/09/2026. Nếu buổi M1 diễn ra tuần khác, đổi ô vàng D4 ở trang Tổng quan.
B48: Mục tiêu số | C48: Mọi ngưỡng (30 phỏng vấn · 40% «rất thất vọng» · 100 người hoạt động · LTV ≥ 3×CAC) là ĐỀ XUẤT để nhóm chốt ở tuần 2, không phải chuẩn bắt buộc.
B49: Tuần đệm | C49: T15–T16 kỳ thi học kỳ 1 (ước đoán) · T21–T22 Tết Nguyên đán 2027 · T37–T40 kỳ thi học kỳ 2 (ước đoán) · T41–T46 nghỉ hè, chu kỳ nặng nhất. Đối chiếu lịch trường trước khi chốt.
B50: Phần chưa kiểm chứng | C50: Tên app đối thủ Việt Nam, điều kiện chương trình affiliate, lịch cuộc thi khởi nghiệp, mức phí nhãn hiệu — ghi trong week_index.md là «cần kiểm chứng», chưa điền vào đây.
B51: Quan hệ với tệp khác | C51: Business.md = vì sao và luật · ROLE.md = ai chịu trách nhiệm · week_index.md = văn bản chi tiết 52 tuần · tệp này = bảng theo dõi · status.md = kỹ thuật.
